,Unnamed: 0,Mã,Năm,shares_outstanding
0,0,AAA,2020,200183831
1,1,AAA,2021,357000015
2,2,AAA,2022,352423399
3,3,AAA,2023,382312482
4,4,AAA,2024,0
5,5,AAM,2020,10451830
6,6,AAM,2021,10250455
7,7,AAM,2022,11614953
8,8,AAM,2023,17578772
9,9,AAM,2024,10450941
10,10,AAT,2024,8288754
11,11,AAT,2022,63819453
12,12,AAT,2023,70473609
13,13,AAT,2020,34834908
14,14,AAT,2021,35927252
15,15,AAV,2020,31843679
16,16,AAV,2021,36033736
17,17,AAV,2022,68544246
18,18,AAV,2023,67209156
19,19,AAV,2024,69063006
20,20,ABR,2020,20006987
21,21,ABR,2021,20004909
22,22,ABR,2022,19993705
23,23,ABR,2023,20001553
24,24,ABR,2024,19999087
25,25,ABS,2024,79981286
26,26,ABS,2023,84561323
27,27,ABS,2020,37429428
28,28,ABS,2021,82933941
29,29,ABS,2022,84103326
30,30,ABT,2020,11142826
31,31,ABT,2021,12396628
32,32,ABT,2022,11661364
33,33,ABT,2023,13035019
34,34,ABT,2024,11777017
35,35,ACB,2023,3921000244
36,36,ACB,2022,3415217814
37,37,ACB,2024,4576115563
38,38,ACB,2020,2188215038
39,39,ACB,2021,2745210406
40,40,ACC,2020,11453093
41,41,ACC,2021,49221265
42,42,ACC,2022,95732784
43,43,ACC,2023,104984105
44,44,ACC,2024,104955769
45,45,ACG,2020,87338529
46,46,ACG,2021,99995396
47,47,ACG,2022,134494492
48,48,ACG,2023,150800508
49,49,ACG,2024,150795072
50,50,ACL,2024,50175986
51,51,ACL,2022,50169217
52,52,ACL,2023,50269099
53,53,ACL,2020,50148407
54,54,ACL,2021,50164691
55,55,ADC,2020,3824632
56,56,ADC,2021,4971424
57,57,ADC,2022,4972474
58,58,ADC,2023,4972680
59,59,ADC,2024,3978129
60,60,ADG,2024,21391800
61,61,ADG,2022,19917127
62,62,ADG,2023,21383659
63,63,ADG,2020,18001795
64,64,ADG,2021,18550261
65,65,ADP,2020,15360253
66,66,ADP,2021,19255781
67,67,ADP,2022,23041508
68,68,ADP,2023,23039104
69,69,ADP,2024,23037428
70,70,ADS,2023,52167427
71,71,ADS,2020,28061926
72,72,ADS,2021,28865212
73,73,ADS,2022,39531369
74,74,ADS,2024,0
75,75,AGG,2024,132694268
76,76,AGG,2022,119281296
77,77,AGG,2023,125077108
78,78,AGG,2020,82431591
79,79,AGG,2021,82749644
80,80,AGR,2020,211339060
81,81,AGR,2021,212027284
82,82,AGR,2022,212090980
83,83,AGR,2023,215477289
84,84,AGR,2024,215553534
85,85,ALT,2024,5743936
86,86,ALT,2020,5734609
87,87,ALT,2021,5737179
88,88,ALT,2022,5737269
89,89,ALT,2023,5734837
90,90,AMC,2024,3254578
91,91,AMC,2023,3347096
92,92,AMC,2021,3323496
93,93,AMC,2020,3311602
94,94,AMC,2022,3333055
95,95,AME,2024,65228538
96,96,AME,2020,25187624
97,97,AME,2021,25190806
98,98,AME,2022,48704860
99,99,AME,2023,65223246
100,100,AMV,2022,113833202
101,101,AMV,2023,131461361
102,102,AMV,2020,37963132
103,103,AMV,2021,84970255
104,104,AMV,2024,132042152
105,105,ANV,2024,152701049
106,106,ANV,2023,133759881
107,107,ANV,2020,127151126
108,108,ANV,2021,127087066
109,109,ANV,2022,127121742
110,110,APG,2020,34026306
111,111,APG,2021,54273485
112,112,APG,2022,140905913
113,113,APG,2023,171861276
114,114,APG,2024,199002700
115,115,APH,2023,247527807
116,116,APH,2022,187271324
117,117,APH,2024,0
118,118,APH,2020,151927791
119,119,APH,2021,639667132
120,120,API,2020,35408342
121,121,API,2021,35539157
122,122,API,2022,84060612
123,123,API,2023,84094057
124,124,API,2024,84146757
125,125,APS,2020,38991979
126,126,APS,2021,51515150
127,127,APS,2022,83003386
128,128,APS,2023,82988294
129,129,APS,2024,0
130,130,ARM,2024,3111151
131,131,ARM,2023,3111456
132,132,ARM,2022,3110140
133,133,ARM,2021,3110302
134,134,ARM,2020,2640274
135,135,ASG,2020,60003076
136,136,ASG,2021,75619115
137,137,ASG,2022,75682487
138,138,ASG,2023,76101353
139,139,ASG,2024,87790024
140,140,ASM,2023,336266001
141,141,ASM,2022,333717593
142,142,ASM,2024,349694542
143,143,ASM,2020,258826172
144,144,ASM,2021,258920531
145,145,ASP,2020,37919164
146,146,ASP,2021,37315657
147,147,ASP,2022,36932710
148,148,ASP,2023,37346421
149,149,ASP,2024,37476233
150,150,AST,2020,45721074
151,151,AST,2021,45437729
152,152,AST,2022,46762168
153,153,AST,2023,46736667
154,154,AST,2024,46750883
155,155,ATS,2023,3498116
156,156,ATS,2022,3500124
157,157,ATS,2024,3486670
158,158,ATS,2020,3478697
159,159,ATS,2021,3498235
160,160,BAB,2020,708185542
161,161,BAB,2021,753463693
162,162,BAB,2022,813006836
163,163,BAB,2023,828677983
164,164,BAB,2024,0
165,165,BAF,2023,146170729
166,166,BAF,2022,110604704
167,167,BAF,2024,238095992
168,168,BAF,2020,20358418
169,169,BAF,2021,110594860
170,170,BAX,2020,8567570
171,171,BAX,2021,8902669
172,172,BAX,2022,8856165
173,173,BAX,2023,9541072
174,174,BAX,2024,8350216
175,175,BBC,2020,16232594
176,176,BBC,2021,16232089
177,177,BBC,2022,19691405
178,178,BBC,2023,19737759
179,179,BBC,2024,18913280
180,180,BBS,2023,5999924
181,181,BBS,2022,6000460
182,182,BBS,2024,6000110
183,183,BBS,2020,6001272
184,184,BBS,2021,6001422
185,185,BCC,2020,123266140
186,186,BCC,2021,123144062
187,187,BCC,2022,123140794
188,188,BCC,2023,123230810
189,189,BCC,2024,124434752
190,190,BCE,2020,36140497
191,191,BCE,2021,37326613
192,192,BCE,2022,35009629
193,193,BCE,2023,35413035
194,194,BCE,2024,47930885
195,195,BCF,2024,33902442
196,196,BCF,2023,31872629
197,197,BCF,2022,27826931
198,198,BCF,2020,19250373
199,199,BCF,2021,25304311
200,200,BCG,2020,117208488
201,201,BCG,2021,227382450
202,202,BCG,2022,488880637
203,203,BCG,2023,531379548
204,204,BCG,2024,0
205,205,BCM,2020,1147053919
206,206,BCM,2021,1177744867
207,207,BCM,2022,1137006019
208,208,BCM,2023,1107987616
209,209,BCM,2024,1094984314
210,210,BED,2024,3157342
211,211,BED,2023,3115697
212,212,BED,2021,3158462
213,213,BED,2022,3158022
214,214,BED,2020,3157434
215,215,BFC,2020,63508392
216,216,BFC,2021,63511412
217,217,BFC,2022,63527302
218,218,BFC,2023,63514232
219,219,BFC,2024,63521361
220,220,BHN,2023,235712446
221,221,BHN,2022,244247735
222,222,BHN,2024,231832229
223,223,BHN,2020,234997561
224,224,BHN,2021,234374324
225,225,BIC,2020,132915914
226,226,BIC,2021,143047782
227,227,BIC,2022,171729133
228,228,BIC,2023,143566509
229,229,BIC,2024,157996042
230,230,BID,2020,4835260539
231,231,BID,2021,6096089069
232,232,BID,2022,5810720640
233,233,BID,2023,6489112251
234,234,BID,2024,0
235,235,BKC,2024,11737742
236,236,BKC,2023,11737046
237,237,BKC,2022,11732917
238,238,BKC,2021,11733516
239,239,BKC,2020,-11738274
240,240,BKG,2020,32001836
241,241,BKG,2021,32005073
242,242,BKG,2022,55053646
243,243,BKG,2023,68003535
244,244,BKG,2024,69982635
245,245,BMC,2023,12389727
246,246,BMC,2022,12392022
247,247,BMC,2024,13768970
248,248,BMC,2020,12390963
249,249,BMC,2021,13919887
250,250,BMI,2020,107679221
251,251,BMI,2021,137288282
252,252,BMI,2022,127128231
253,253,BMI,2023,127368519
254,254,BMI,2024,145011618
255,255,BMP,2020,81858642
256,256,BMP,2021,81854455
257,257,BMP,2022,81861663
258,258,BMP,2023,81859427
259,259,BMP,2024,81860839
260,260,BNA,2023,24692866
261,261,BNA,2022,21247198
262,262,BNA,2024,24859781
263,263,BNA,2020,7869273
264,264,BNA,2021,9526942
265,265,BPC,2020,4376274
266,266,BPC,2021,3801617
267,267,BPC,2022,3798583
268,268,BPC,2023,3796338
269,269,BPC,2024,3803871
270,270,BRC,2023,12377366
271,271,BRC,2022,12373000
272,272,BRC,2024,12373125
273,273,BRC,2020,12375102
274,274,BRC,2021,12377173
275,275,BSC,2020,3710921
276,276,BSC,2021,3694491
277,277,BSC,2022,3149100
278,278,BSC,2023,3539492
279,279,BSC,2024,0
280,280,BSI,2020,121666297
281,281,BSI,2021,121556461
282,282,BSI,2022,138558173
283,283,BSI,2023,193947557
284,284,BSI,2024,211181717
285,285,BTP,2023,60506660
286,286,BTP,2022,60465188
287,287,BTP,2024,0
288,288,BTP,2020,60485636
289,289,BTP,2021,60493448
290,290,BTS,2020,123357983
291,291,BTS,2021,123495304
292,292,BTS,2022,123692220
293,293,BTS,2023,123561829
294,294,BTS,2024,123535539
295,295,BTT,2020,15030680
296,296,BTT,2021,14384477
297,297,BTT,2022,14005926
298,298,BTT,2023,13500057
299,299,BTT,2024,13500135
300,300,BTW,2024,9359380
301,301,BTW,2023,9359818
302,302,BTW,2022,9359400
303,303,BTW,2020,10989590
304,304,BTW,2021,9361043
305,305,BVH,2020,761844676
306,306,BVH,2021,756806911
307,307,BVH,2022,742457726
308,308,BVH,2023,742454676
309,309,BVH,2024,742337010
310,310,BVS,2020,95306089
311,311,BVS,2021,93012597
312,312,BVS,2022,52799384
313,313,BVS,2023,95381793
314,314,BVS,2024,74003040
315,315,BWE,2024,264975506
316,316,BWE,2023,232412573
317,317,BWE,2022,232428726
318,318,BWE,2021,230041845
319,319,BWE,2020,194826829
320,320,BXH,2020,3011278
321,321,BXH,2021,5430045
322,322,BXH,2022,3009576
323,323,BXH,2023,3009033
324,324,BXH,2024,0
325,325,C32,2023,15032721
326,326,C32,2022,15801253
327,327,C32,2024,15020374
328,328,C32,2020,16393215
329,329,C32,2021,16303661
330,330,C47,2020,25357347
331,331,C47,2021,19020347
332,332,C47,2022,26556317
333,333,C47,2023,30412241
334,334,C47,2024,36310989
335,335,C69,2020,18583610
336,336,C69,2021,38839605
337,337,C69,2022,59953984
338,338,C69,2023,61884013
339,339,C69,2024,0
340,340,CAG,2024,13782774
341,341,CAG,2022,17244235
342,342,CAG,2023,17280692
343,343,CAG,2020,17705744
344,344,CAG,2021,16635580
345,345,CAN,2020,5000389
346,346,CAN,2021,5696837
347,347,CAN,2022,5000691
348,348,CAN,2023,4999632
349,349,CAN,2024,5001420
350,350,CAP,2024,11435621
351,351,CAP,2020,5729001
352,352,CAP,2021,5685470
353,353,CAP,2022,7649006
354,354,CAP,2023,11583968
355,355,CAR,2024,0
356,356,CAR,2023,3838175
357,357,CCI,2020,20889148
358,358,CCI,2021,21117685
359,359,CCI,2022,20848499
360,360,CCI,2023,20585456
361,361,CCI,2024,19895728
362,362,CCL,2020,52474798
363,363,CCL,2021,52743369
364,364,CCL,2022,55354867
365,365,CCL,2023,0
366,366,CCL,2024,66194571
367,367,CCR,2024,0
368,368,CCR,2023,24472986
369,369,CCR,2022,24443709
370,370,CCR,2021,24459515
371,371,CCR,2020,24440920
372,372,CDC,2020,16025700
373,373,CDC,2021,37355118
374,374,CDC,2022,22037569
375,375,CDC,2023,22015565
376,376,CDC,2024,22782532
377,377,CDN,2023,99001738
378,378,CDN,2022,98999749
379,379,CDN,2024,98994230
380,380,CDN,2020,98998615
381,381,CDN,2021,99019378
382,382,CEO,2020,257335436
383,383,CEO,2021,284863613
384,384,CEO,2022,257531996
385,385,CEO,2023,304573156
386,386,CEO,2024,0
387,387,CET,2020,6062756
388,388,CET,2021,6090684
389,389,CET,2022,6053458
390,390,CET,2023,6198804
391,391,CET,2024,0
392,392,CHP,2024,146961300
393,393,CHP,2022,146932074
394,394,CHP,2023,146885296
395,395,CHP,2020,146898185
396,396,CHP,2021,146889941
397,397,CIA,2020,20749061
398,398,CIA,2021,18917099
399,399,CIA,2022,19168272
400,400,CIA,2023,18678620
401,401,CIA,2024,18660655
402,402,CIG,2024,0
403,403,CIG,2020,31540712
404,404,CIG,2021,31538588
405,405,CIG,2022,31566053
406,406,CIG,2023,31573835
407,407,CII,2024,354186350
408,408,CII,2023,305727360
409,409,CII,2021,238795404
410,410,CII,2020,253922924
411,411,CII,2022,262517727
412,412,CJC,2024,8003793
413,413,CJC,2020,4001875
414,414,CJC,2021,3997949
415,415,CJC,2022,4001346
416,416,CJC,2023,5482516
417,417,CKG,2022,117764685
418,418,CKG,2023,95233646
419,419,CKG,2020,68751368
420,420,CKG,2021,91761677
421,421,CKG,2024,96246068
422,422,CKV,2024,4009493
423,423,CKV,2022,4015078
424,424,CKV,2023,4013907
425,425,CKV,2021,4326641
426,426,CKV,2020,3882762
427,427,CLC,2020,28802226
428,428,CLC,2021,29116496
429,429,CLC,2022,29120953
430,430,CLC,2023,29121470
431,431,CLC,2024,29119808
432,432,CLH,2020,10828259
433,433,CLH,2021,11999151
434,434,CLH,2022,11998895
435,435,CLH,2023,11998514
436,436,CLH,2024,12001013
437,437,CLL,2024,35759650
438,438,CLL,2023,35723884
439,439,CLL,2020,36146034
440,440,CLL,2021,36501763
441,441,CLL,2022,35792243
442,442,CLM,2020,10999795
443,443,CLM,2021,10187031
444,444,CLM,2022,11000040
445,445,CLM,2023,10999911
446,446,CLM,2024,10999647
447,447,CLW,2023,23168573
448,448,CLW,2024,13000922
449,449,CLW,2022,23100106
450,450,CLW,2021,20648084
451,451,CLW,2020,20054119
452,452,CMC,2020,4560388
453,453,CMC,2021,4561678
454,454,CMC,2022,4562796
455,455,CMC,2023,4557157
456,456,CMC,2024,3636566
457,457,CMG,2023,186563383
458,458,CMG,2022,163089798
459,459,CMG,2024,0
460,460,CMG,2020,117412061
461,461,CMG,2021,110362319
462,462,CMS,2020,10320394
463,463,CMS,2021,17205206
464,464,CMS,2022,20844814
465,465,CMS,2023,25517980
466,466,CMS,2024,25398529
467,467,CMV,2023,20172723
468,468,CMV,2020,13449727
469,469,CMV,2021,16309560
470,470,CMV,2022,19845506
471,471,CMV,2024,25955840
472,472,CMX,2024,0
473,473,CMX,2022,101145336
474,474,CMX,2023,101952883
475,475,CMX,2021,42733937
476,476,CMX,2020,26572250
477,477,CNG,2020,32781149
478,478,CNG,2021,33978143
479,479,CNG,2022,29805072
480,480,CNG,2023,39693566
481,481,CNG,2024,41321253
482,482,COM,2023,14121963
483,483,COM,2022,23675828
484,484,COM,2024,14120340
485,485,COM,2020,14316016
486,486,COM,2021,14304093
487,487,CPC,2020,4414510
488,488,CPC,2021,4493061
489,489,CPC,2022,0
490,490,CPC,2023,4858382
491,491,CPC,2024,4081580
492,492,CRC,2020,14985956
493,493,CRC,2021,17507965
494,494,CRC,2022,29986393
495,495,CRC,2023,29997629
496,496,CRC,2024,50017230
497,497,CRE,2024,461441120
498,498,CRE,2023,500932325
499,499,CRE,2021,124790876
500,500,CRE,2020,80001400
501,501,CRE,2022,302515451
502,502,CSC,2020,20838875
503,503,CSC,2021,23194972
504,504,CSC,2022,26283970
505,505,CSC,2023,32732389
506,506,CSC,2024,34334266
507,507,CSM,2024,0
508,508,CSM,2023,157225630
509,509,CSM,2022,142933103
510,510,CSM,2021,114482956
511,511,CSM,2020,103612322
512,512,CSV,2020,49153071
513,513,CSV,2021,48676707
514,514,CSV,2022,47929487
515,515,CSV,2023,50201277
516,516,CSV,2024,84808947
517,517,CTB,2023,13681086
518,518,CTB,2022,13681798
519,519,CTB,2024,13679471
520,520,CTB,2020,13682406
521,521,CTB,2021,13679858
522,522,CTD,2022,73972144
523,523,CTD,2023,82902135
524,524,CTD,2020,80301301
525,525,CTD,2021,74326253
526,526,CTD,2024,99402089
527,527,CTF,2024,89573354
528,528,CTF,2023,79279155
529,529,CTF,2022,73836593
530,530,CTF,2021,66283033
531,531,CTF,2020,45581571
532,532,CTG,2020,3723107123
533,533,CTG,2021,5613051793
534,534,CTG,2022,4805234603
535,535,CTG,2023,5370628710
536,536,CTG,2024,0
537,537,CTI,2023,56883555
538,538,CTI,2022,57103003
539,539,CTI,2024,54791042
540,540,CTI,2020,65945039
541,541,CTI,2021,38011539
542,542,CTP,2020,12168471
543,543,CTP,2021,12078993
544,544,CTP,2022,12097877
545,545,CTP,2023,12310808
546,546,CTP,2024,0
547,547,CTR,2020,92936474
548,548,CTR,2021,92930436
549,549,CTR,2022,114384238
550,550,CTR,2023,114385315
551,551,CTR,2024,114396399
552,552,CTS,2024,148704488
553,553,CTS,2023,148730935
554,554,CTS,2022,148677691
555,555,CTS,2021,106386946
556,556,CTS,2020,106379577
557,557,CTT,2020,4697083
558,558,CTT,2021,4697445
559,559,CTT,2022,4698327
560,560,CTT,2023,4696608
561,561,CTT,2024,6318506
562,562,CVT,2023,36684678
563,563,CVT,2022,36683889
564,564,CVT,2024,36692182
565,565,CVT,2020,38624534
566,566,CVT,2021,36694768
567,567,CX8,2020,2217129
568,568,CX8,2021,2252698
569,569,CX8,2022,2214747
570,570,CX8,2023,2217239
571,571,CX8,2024,0
572,572,D11,2020,7821619
573,573,D11,2021,7919015
574,574,D11,2022,8253016
575,575,D11,2023,8618397
576,576,D11,2024,9105008
577,577,D2D,2023,34521706
578,578,D2D,2022,37845179
579,579,D2D,2024,0
580,580,D2D,2020,32453024
581,581,D2D,2021,31451938
582,582,DAD,2020,6043605
583,583,DAD,2021,5823562
584,584,DAD,2022,6211662
585,585,DAD,2023,6213001
586,586,DAD,2024,6214162
587,587,DAE,2023,2406499
588,588,DAE,2022,1873337
589,589,DAE,2024,2407127
590,590,DAE,2020,1827592
591,591,DAE,2021,1872960
592,592,DAH,2020,-34232722
593,593,DAH,2021,46272730
594,594,DAH,2022,84272013
595,595,DAH,2023,84381473
596,596,DAH,2024,83850033
597,597,DAT,2020,45988147
598,598,DAT,2021,46029815
599,599,DAT,2022,55895994
600,600,DAT,2023,62918584
601,601,DAT,2024,65857597
602,602,DBC,2023,242788293
603,603,DBC,2022,247361290
604,604,DBC,2024,334669634
605,605,DBC,2020,104765527
606,606,DBC,2021,115232384
607,607,DBD,2020,58207804
608,608,DBD,2021,87033400
609,609,DBD,2022,87015047
610,610,DBD,2023,0
611,611,DBD,2024,0
612,612,DBT,2020,14437606
613,613,DBT,2021,16434736
614,614,DBT,2022,16802672
615,615,DBT,2023,18135299
616,616,DBT,2024,0
617,617,DC2,2024,10970095
618,618,DC2,2023,7544782
619,619,DC2,2022,6477949
620,620,DC2,2020,2519859
621,621,DC2,2021,3114255
622,622,DC4,2020,31798781
623,623,DC4,2021,33639400
624,624,DC4,2022,52944412
625,625,DC4,2023,52498270
626,626,DC4,2024,55063538
627,627,DCL,2020,56841634
628,628,DCL,2021,57498767
629,629,DCL,2022,70170268
630,630,DCL,2023,73038343
631,631,DCL,2024,73084720
632,632,DCM,2023,617080036
633,633,DCM,2022,560440630
634,634,DCM,2024,583160011
635,635,DCM,2020,649996140
636,636,DCM,2021,593380754
637,637,DDG,2024,0
638,638,DDG,2023,59847123
639,639,DDG,2020,19485407
640,640,DDG,2021,31860854
641,641,DDG,2022,57603532
642,642,DGC,2020,158150145
643,643,DGC,2021,394931531
644,644,DGC,2022,404022439
645,645,DGC,2023,404012152
646,646,DGC,2024,404004470
647,647,DGW,2020,42686016
648,648,DGW,2021,157414675
649,649,DGW,2022,162072360
650,650,DGW,2023,163994668
651,651,DGW,2024,183496080
652,652,DHA,2024,14722842
653,653,DHA,2023,14724910
654,654,DHA,2020,15666230
655,655,DHA,2021,15338966
656,656,DHA,2022,15337709
657,657,DHC,2020,55997084
658,658,DHC,2021,82139971
659,659,DHC,2022,82133893
660,660,DHC,2023,82139774
661,661,DHC,2024,82140803
662,662,DHG,2024,0
663,663,DHG,2022,135071693
664,664,DHG,2023,135046614
665,665,DHG,2020,135931453
666,666,DHG,2021,135877574
667,667,DHM,2020,31393801
668,668,DHM,2021,31389748
669,669,DHM,2022,31505391
670,670,DHM,2023,31462557
671,671,DHM,2024,0
672,672,DHP,2024,0
673,673,DHP,2022,9489593
674,674,DHP,2023,9491543
675,675,DHP,2020,9493929
676,676,DHP,2021,9490597
677,677,DHT,2020,21126347
678,678,DHT,2021,26203440
679,679,DHT,2022,26410914
680,680,DHT,2023,50568105
681,681,DHT,2024,0
682,682,DIG,2023,608856819
683,683,DIG,2020,329734773
684,684,DIG,2021,583868728
685,685,DIG,2022,610712961
686,686,DIG,2024,0
687,687,DIH,2023,5910057
688,688,DIH,2022,5912404
689,689,DIH,2024,0
690,690,DIH,2020,5894799
691,691,DIH,2021,5901237
692,692,DL1,2024,107356245
693,693,DL1,2023,106266055
694,694,DL1,2020,101141110
695,695,DL1,2021,101235263
696,696,DL1,2022,106342738
697,697,DLG,2020,299307200
698,698,DLG,2021,297739064
699,699,DLG,2022,299315971
700,700,DLG,2023,299245665
701,701,DLG,2024,299401169
702,702,DMC,2024,40859609
703,703,DMC,2023,40858650
704,704,DMC,2022,34729363
705,705,DMC,2021,38585724
706,706,DMC,2020,34726344
707,707,DNC,2020,4369535
708,708,DNC,2021,7409662
709,709,DNC,2022,6422001
710,710,DNC,2023,6438327
711,711,DNC,2024,8027654
712,712,DNP,2023,118986448
713,713,DNP,2022,118561839
714,714,DNP,2024,129591436
715,715,DNP,2020,101005034
716,716,DNP,2021,114288457
717,717,DP3,2024,21499570
718,718,DP3,2023,21500750
719,719,DP3,2022,9052842
720,720,DP3,2021,9052805
721,721,DP3,2020,9052421
722,722,DPG,2020,44401175
723,723,DPG,2021,62881500
724,724,DPG,2022,63379392
725,725,DPG,2023,62998287
726,726,DPG,2024,63004739
727,727,DPM,2023,504336468
728,728,DPM,2024,486398736
729,729,DPM,2020,450363317
730,730,DPM,2021,402262717
731,731,DPM,2022,400437316
732,732,DPR,2020,40121520
733,733,DPR,2021,41710227
734,734,DPR,2022,42997166
735,735,DPR,2023,50129933
736,736,DPR,2024,86880147
737,737,DQC,2020,27577128
738,738,DQC,2021,27552444
739,739,DQC,2022,27582565
740,740,DQC,2023,27562987
741,741,DQC,2024,0
742,742,DRC,2023,118772629
743,743,DRC,2024,118815190
744,744,DRC,2022,118787578
745,745,DRC,2020,118775152
746,746,DRC,2021,118802409
747,747,DRH,2020,71074672
748,748,DRH,2021,60227797
749,749,DRH,2022,66150880
750,750,DRH,2023,124251859
751,751,DRH,2024,123677476
752,752,DRL,2020,10065452
753,753,DRL,2021,10134432
754,754,DRL,2022,10054009
755,755,DRL,2023,10107918
756,756,DRL,2024,10205170
757,757,DS3,2024,0
758,758,DS3,2023,10674454
759,759,DS3,2021,11229091
760,760,DS3,2020,10937853
761,761,DS3,2022,10671082
762,762,DSC,2020,6023199
763,763,DSC,2021,41559073
764,764,DSC,2022,100141419
765,765,DSC,2023,147317922
766,766,DSC,2024,0
767,767,DSE,2023,300110435
768,768,DSE,2024,0
769,769,DSN,2024,14215260
770,770,DSN,2023,14214624
771,771,DSN,2022,14215859
772,772,DSN,2021,14217031
773,773,DSN,2020,14215477
774,774,DST,2020,32227239
775,775,DST,2021,44997974672
776,776,DST,2022,32229399
777,777,DST,2023,32162599
778,778,DST,2024,32090221
779,779,DTA,2023,18009745
780,780,DTA,2022,18041942
781,781,DTA,2024,18141749
782,782,DTA,2020,17654994
783,783,DTA,2021,18528386
784,784,DTD,2020,27498610
785,785,DTD,2021,28846323
786,786,DTD,2022,33138515
787,787,DTD,2023,43568536
788,788,DTD,2024,53234613
789,789,DTG,2020,7062702
790,790,DTG,2021,6305110
791,791,DTG,2022,6316770
792,792,DTG,2023,7262462
793,793,DTG,2024,8352832
794,794,DTK,2024,682951468
795,795,DTK,2023,682957408
796,796,DTK,2022,682850917
797,797,DTK,2020,680039666
798,798,DTK,2021,679974942
799,799,DTL,2020,60556060
800,800,DTL,2021,63567060
801,801,DTL,2022,60623573
802,802,DTL,2023,60635120
803,803,DTL,2024,57610682
804,804,DTT,2023,8153682
805,805,DTT,2022,8150067
806,806,DTT,2024,8151855
807,807,DTT,2020,8148559
808,808,DTT,2021,8150756
809,809,DVM,2020,13994559
810,810,DVM,2021,22001269
811,811,DVM,2022,33018951
812,812,DVM,2023,35641907
813,813,DVM,2024,42791375
814,814,DVP,2020,40000079
815,815,DVP,2021,40000981
816,816,DVP,2022,39997227
817,817,DVP,2023,39999892
818,818,DVP,2024,39998194
819,819,DXG,2024,703516235
820,820,DXG,2022,605265325
821,821,DXG,2023,629975418
822,822,DXG,2020,518020264
823,823,DXG,2021,595911601
824,824,DXP,2020,25988723
825,825,DXP,2021,25983684
826,826,DXP,2022,27279469
827,827,DXP,2023,47624491
828,828,DXP,2024,59901937
829,829,DXS,2020,309993141
830,830,DXS,2021,488481896
831,831,DXS,2022,453327721
832,832,DXS,2023,573788711
833,833,DXS,2024,576296621
834,834,DXV,2024,9895611
835,835,DXV,2023,9894670
836,836,DXV,2021,9823339
837,837,DXV,2020,9709156
838,838,DXV,2022,9755606
839,839,EBS,2020,9970646
840,840,EBS,2021,9966576
841,841,EBS,2022,9968337
842,842,EBS,2023,9961084
843,843,EBS,2024,0
844,844,ECI,2023,1760064
845,845,ECI,2020,1760318
846,846,ECI,2021,1759718
847,847,ECI,2022,1759804
848,848,ECI,2024,-1760752
849,849,EIB,2024,0
850,850,EIB,2022,1229445743
851,851,EIB,2023,1740433280
852,852,EIB,2021,1229856051
853,853,EIB,2020,1230093103
854,854,EID,2020,17055980
855,855,EID,2021,17443768
856,856,EID,2022,17419629
857,857,EID,2023,16613335
858,858,EID,2024,15001121
859,859,ELC,2023,59594739
860,860,ELC,2022,51747279
861,861,ELC,2024,83273291
862,862,ELC,2020,50641172
863,863,ELC,2021,50804888
864,864,EVE,2020,38060571
865,865,EVE,2021,41101632
866,866,EVE,2022,41343040
867,867,EVE,2023,41942107
868,868,EVE,2024,41991203
869,869,EVF,2020,280945879
870,870,EVF,2021,321880234
871,871,EVF,2022,367625126
872,872,EVF,2023,386783274
873,873,EVF,2024,796622159
874,874,EVG,2023,218144689
875,875,EVG,2022,199921956
876,876,EVG,2024,215318998
877,877,EVG,2020,63141366
878,878,EVG,2021,105557662
879,879,EVS,2020,6000150
880,880,EVS,2021,69226699
881,881,EVS,2022,103033054
882,882,EVS,2023,164915886
883,883,EVS,2024,0
884,884,FCM,2020,45528851
885,885,FCM,2021,50279802
886,886,FCM,2022,50153846
887,887,FCM,2023,41389727
888,888,FCM,2024,40513858
889,889,FCN,2024,156350730
890,890,FCN,2023,157334887
891,891,FCN,2022,157178710
892,892,FCN,2020,120259822
893,893,FCN,2021,151270824
894,894,FDC,2020,38630125
895,895,FDC,2021,38643672
896,896,FDC,2022,38623123
897,897,FDC,2023,38146584
898,898,FDC,2024,38641584
899,899,FID,2020,23562796
900,900,FID,2021,24465481
901,901,FID,2022,21202245
902,902,FID,2023,24714693
903,903,FID,2024,24699575
904,904,FIR,2024,64368167
905,905,FIR,2023,121465573
906,906,FIR,2020,30439923
907,907,FIR,2021,27042206
908,908,FIR,2022,41705726
909,909,FIT,2020,254290826
910,910,FIT,2021,254788108
911,911,FIT,2022,317693795
912,912,FIT,2023,340052288
913,913,FIT,2024,339794290
914,914,FMC,2023,66990315
915,915,FMC,2022,67105975
916,916,FMC,2024,65390484
917,917,FMC,2020,49047742
918,918,FMC,2021,66065851
919,919,FPT,2021,997335452
920,920,FPT,2022,1198940752
921,921,FPT,2023,1387082264
922,922,FPT,2024,1588873495
923,923,FPT,2020,858739742
924,924,FRT,2020,92927054
925,925,FRT,2021,78984010
926,926,FRT,2022,118470669
927,927,FRT,2023,136241029
928,928,FRT,2024,136214614
929,929,FTS,2023,214521500
930,930,FTS,2024,0
931,931,FTS,2022,183204030
932,932,FTS,2020,132619937
933,933,FTS,2021,146514555
934,934,GAS,2020,1950088362
935,935,GAS,2021,1991038811
936,936,GAS,2022,1934673450
937,937,GAS,2023,2334278087
938,938,GAS,2024,2388233819
939,939,GDT,2020,17446984
940,940,GDT,2021,20034942
941,941,GDT,2022,19985639
942,942,GDT,2023,22278283
943,943,GDT,2024,22833103
944,944,GDW,2024,0
945,945,GDW,2023,9499096
946,946,GDW,2020,9498422
947,947,GDW,2021,9501419
948,948,GDW,2022,9500076
949,949,GEE,2020,0
950,950,GEE,2021,248187299
951,951,GEE,2022,299987363
952,952,GEE,2023,299950630
953,953,GEE,2024,299998687
954,954,GEG,2023,641325581
955,955,GEG,2024,671479699
956,956,GEG,2022,358742509
957,957,GEG,2021,321399474
958,958,GEG,2020,250102441
959,959,GEX,2020,476637937
960,960,GEX,2021,692006104
961,961,GEX,2022,852000745
962,962,GEX,2023,851436327
963,963,GEX,2024,853883090
964,964,GIC,2020,12875694
965,965,GIC,2021,12122142
966,966,GIC,2022,12116733
967,967,GIC,2023,12121850
968,968,GIC,2024,0
969,969,GIL,2024,69777836
970,970,GIL,2023,67910961
971,971,GIL,2020,29728923
972,972,GIL,2021,36842480
973,973,GIL,2022,53777172
974,974,GKM,2020,14879830
975,975,GKM,2021,16718644
976,976,GKM,2022,23826858
977,977,GKM,2023,26218636
978,978,GKM,2024,0
979,979,GLT,2024,9425606
980,980,GLT,2023,11706929
981,981,GLT,2022,8130628
982,982,GLT,2021,8131084
983,983,GLT,2020,8131045
984,984,GMA,2020,5995845
985,985,GMA,2021,7196395
986,986,GMA,2022,11734501
987,987,GMA,2023,19981052
988,988,GMA,2024,20006918
989,989,GMD,2023,312276584
990,990,GMD,2022,327592474
991,991,GMD,2024,340593513
992,992,GMD,2020,322830274
993,993,GMD,2021,327545251
994,994,GMH,2020,7818213
995,995,GMH,2021,16046947
996,996,GMH,2022,16504431
997,997,GMH,2023,16508767
998,998,GMH,2024,16479507
999,999,GMX,2020,8250671
1000,1000,GMX,2021,8894395
1001,1001,GMX,2022,15389010
1002,1002,GMX,2023,11580421
1003,1003,GMX,2024,12016120
1004,1004,GSP,2023,60019699
1005,1005,GSP,2022,58883568
1006,1006,GSP,2024,76528974
1007,1007,GSP,2020,38710860
1008,1008,GSP,2021,39001908
1009,1009,GTA,2020,9832484
1010,1010,GTA,2021,9827034
1011,1011,GTA,2022,9831434
1012,1012,GTA,2023,9830588
1013,1013,GTA,2024,9833123
1014,1014,GVR,2023,5408608640
1015,1015,GVR,2022,4756903435
1016,1016,GVR,2024,3268673761
1017,1017,GVR,2020,3998653117
1018,1018,GVR,2021,3998265638
1019,1019,HAD,2020,7757922
1020,1020,HAD,2021,5331310
1021,1021,HAD,2022,4733086
1022,1022,HAD,2023,5808312
1023,1023,HAD,2024,0
1024,1024,HAG,2020,927371746
1025,1025,HAG,2021,927078361
1026,1026,HAG,2022,927481837
1027,1027,HAG,2023,927520041
1028,1028,HAG,2024,1016372484
1029,1029,HAH,2024,128684335
1030,1030,HAH,2022,72699197
1031,1031,HAH,2023,116108787
1032,1032,HAH,2020,50583865
1033,1033,HAH,2021,50915828
1034,1034,HAP,2020,55538101
1035,1035,HAP,2021,62790602
1036,1036,HAP,2022,102087667
1037,1037,HAP,2023,110666814
1038,1038,HAP,2024,111287315
1039,1039,HAR,2020,99270313
1040,1040,HAR,2021,95626108
1041,1041,HAR,2022,0
1042,1042,HAR,2023,95583328
1043,1043,HAR,2024,95701841
1044,1044,HAS,2024,7799019
1045,1045,HAS,2023,7742759
1046,1046,HAS,2021,7800699
1047,1047,HAS,2020,7790051
1048,1048,HAS,2022,7762247
1049,1049,HAT,2020,7254174
1050,1050,HAT,2021,4457307
1051,1051,HAT,2022,3433683
1052,1052,HAT,2023,4015322
1053,1053,HAT,2024,3122875
1054,1054,HAX,2023,92237804
1055,1055,HAX,2020,36615041
1056,1056,HAX,2021,47968850
1057,1057,HAX,2022,56941103
1058,1058,HAX,2024,107457630
1059,1059,HBS,2024,33035245
1060,1060,HBS,2022,33063873
1061,1061,HBS,2023,33029466
1062,1062,HBS,2021,32978818
1063,1063,HBS,2020,32929788
1064,1064,HCC,2020,6744462
1065,1065,HCC,2021,6909559
1066,1066,HCC,2022,6518684
1067,1067,HCC,2023,6518117
1068,1068,HCC,2024,6520037
1069,1069,HCD,2023,36966016
1070,1070,HCD,2022,31601743
1071,1071,HCD,2024,36980353
1072,1072,HCD,2020,27417296
1073,1073,HCD,2021,27013414
1074,1074,HCM,2020,305208109
1075,1075,HCM,2021,311278801
1076,1076,HCM,2022,457098057
1077,1077,HCM,2023,457192451
1078,1078,HCM,2024,0
1079,1079,HCT,2020,2016104
1080,1080,HCT,2021,2015794
1081,1081,HCT,2022,2013573
1082,1082,HCT,2023,2017122
1083,1083,HCT,2024,0
1084,1084,HDA,2024,27577303
1085,1085,HDA,2023,27575315
1086,1086,HDA,2022,20160301
1087,1087,HDA,2021,11498618
1088,1088,HDA,2020,11499914
1089,1089,HDB,2020,1593156730
1090,1090,HDB,2021,2519150645
1091,1091,HDB,2022,2515350211
1092,1092,HDB,2023,2892273980
1093,1093,HDB,2024,3476761918
1094,1094,HDC,2023,122005052
1095,1095,HDC,2022,97549970
1096,1096,HDC,2024,0
1097,1097,HDC,2020,61936469
1098,1098,HDC,2021,83133380
1099,1099,HDG,2020,159003201
1100,1100,HDG,2021,236978093
1101,1101,HDG,2022,243092531
1102,1102,HDG,2023,305783003
1103,1103,HDG,2024,0
1104,1104,HEV,2020,1340571
1105,1105,HEV,2021,1327650
1106,1106,HEV,2022,1129480
1107,1107,HEV,2023,999988
1108,1108,HEV,2024,0
1109,1109,HGM,2023,12543281
1110,1110,HGM,2022,12549320
1111,1111,HGM,2024,12548298
1112,1112,HGM,2020,12428658
1113,1113,HGM,2021,13159885
1114,1114,HHC,2020,16427835
1115,1115,HHC,2021,16425618
1116,1116,HHC,2022,16423902
1117,1117,HHC,2023,16426659
1118,1118,HHC,2024,16425077
1119,1119,HHP,2023,77641669
1120,1120,HHP,2022,36525170
1121,1121,HHP,2024,0
1122,1122,HHP,2020,20961444
1123,1123,HHP,2021,26113638
1124,1124,HHS,2020,266847161
1125,1125,HHS,2021,321504978
1126,1126,HHS,2022,321268704
1127,1127,HHS,2023,334114784
1128,1128,HHS,2024,352982534
1129,1129,HHV,2020,292511403
1130,1130,HHV,2021,267269619
1131,1131,HHV,2022,268890363
1132,1132,HHV,2023,318933522
1133,1133,HHV,2024,416198521
1134,1134,HID,2023,0
1135,1135,HID,2022,82191929
1136,1136,HID,2024,0
1137,1137,HID,2020,58847320
1138,1138,HID,2021,58659253
1139,1139,HII,2020,32028719
1140,1140,HII,2021,44296917
1141,1141,HII,2022,62528041
1142,1142,HII,2023,73665785
1143,1143,HII,2024,0
1144,1144,HJS,2020,21001836
1145,1145,HJS,2021,22820525
1146,1146,HJS,2022,21001956
1147,1147,HJS,2023,21000609
1148,1148,HJS,2024,20995933
1149,1149,HKT,2024,6148528
1150,1150,HKT,2023,6146842
1151,1151,HKT,2022,6144282
1152,1152,HKT,2020,6174334
1153,1153,HKT,2021,6102255
1154,1154,HLC,2020,70918518
1155,1155,HLC,2021,25420107
1156,1156,HLC,2022,25411803
1157,1157,HLC,2023,25414545
1158,1158,HLC,2024,25418805
1159,1159,HLD,2020,20000615
1160,1160,HLD,2021,27327324
1161,1161,HLD,2022,19995704
1162,1162,HLD,2023,20006635
1163,1163,HLD,2024,19971516
1164,1164,HMC,2024,27292766
1165,1165,HMC,2023,27289543
1166,1166,HMC,2021,21001245
1167,1167,HMC,2022,27193502
1168,1168,HMC,2020,21002159
1169,1169,HMH,2020,14285225
1170,1170,HMH,2021,14278562
1171,1171,HMH,2022,15091851
1172,1172,HMH,2023,12852331
1173,1173,HMH,2024,12850265
1174,1174,HMR,2020,3813031
1175,1175,HMR,2021,4079005
1176,1176,HMR,2022,5614981
1177,1177,HMR,2023,5613290
1178,1178,HMR,2024,0
1179,1179,HNA,2024,235129372
1180,1180,HNA,2023,235345395
1181,1181,HNA,2020,232843999
1182,1182,HNA,2021,249758853
1183,1183,HNA,2022,235271696
1184,1184,HOM,2020,69848782
1185,1185,HOM,2021,72467709
1186,1186,HOM,2022,71878486
1187,1187,HOM,2023,71926570
1188,1188,HOM,2024,72030240
1189,1189,HPG,2023,6119126530
1190,1190,HPG,2024,0
1191,1191,HPG,2022,5842638123
1192,1192,HPG,2021,4811351270
1193,1193,HPG,2020,4930461896
1194,1194,HPX,2020,283979454
1195,1195,HPX,2021,312398359
1196,1196,HPX,2022,303569612
1197,1197,HPX,2023,303936332
1198,1198,HPX,2024,308597195
1199,1199,HQC,2023,468913810
1200,1200,HQC,2022,482262219
1201,1201,HQC,2024,581639087
1202,1202,HQC,2020,479780704
1203,1203,HQC,2021,461689396
1204,1204,HRC,2020,30202464
1205,1205,HRC,2021,30193734
1206,1206,HRC,2022,30234669
1207,1207,HRC,2023,30209717
1208,1208,HRC,2024,30206619
1209,1209,HSG,2023,0
1210,1210,HSG,2020,509569667
1211,1211,HSG,2021,0
1212,1212,HSG,2022,620595877
1213,1213,HSG,2024,0
1214,1214,HSL,2024,36504184
1215,1215,HSL,2023,35405949
1216,1216,HSL,2022,33706427
1217,1217,HSL,2021,21258685
1218,1218,HSL,2020,17892922
1219,1219,HT1,2020,381501329
1220,1220,HT1,2021,601746473
1221,1221,HT1,2022,381787112
1222,1222,HT1,2023,385390123
1223,1223,HT1,2024,382129737
1224,1224,HTC,2023,23061280
1225,1225,HTC,2022,22663009
1226,1226,HTC,2024,21943409
1227,1227,HTC,2020,13925285
1228,1228,HTC,2021,14942548
1229,1229,HTG,2020,23477517
1230,1230,HTG,2021,23840175
1231,1231,HTG,2022,30942159
1232,1232,HTG,2023,38699559
1233,1233,HTG,2024,42347321
1234,1234,HTI,2020,24951806
1235,1235,HTI,2021,24955735
1236,1236,HTI,2022,24946833
1237,1237,HTI,2023,24943775
1238,1238,HTI,2024,24954019
1239,1239,HTL,2024,11997331
1240,1240,HTL,2023,11998303
1241,1241,HTL,2022,12001874
1242,1242,HTL,2021,11998956
1243,1243,HTL,2020,11999505
1244,1244,HTN,2020,33528572
1245,1245,HTN,2021,89986328
1246,1246,HTN,2022,92749442
1247,1247,HTN,2023,91923199
1248,1248,HTN,2024,91826596
1249,1249,HTV,2023,13095171
1250,1250,HTV,2022,13100761
1251,1251,HTV,2024,13102354
1252,1252,HTV,2020,13105663
1253,1253,HTV,2021,13106596
1254,1254,HU1,2020,9996700
1255,1255,HU1,2021,-10004994
1256,1256,HU1,2022,10017259
1257,1257,HU1,2023,10436475
1258,1258,HU1,2024,9992023
1259,1259,HUB,2020,19909483
1260,1260,HUB,2021,21396862
1261,1261,HUB,2022,24025442
1262,1262,HUB,2023,28583768
1263,1263,HUB,2024,28588959
1264,1264,HUT,2023,524398264
1265,1265,HUT,2022,348349979
1266,1266,HUT,2024,896848916
1267,1267,HUT,2020,268641859
1268,1268,HUT,2021,272494674
1269,1269,HVH,2022,36945047
1270,1270,HVH,2023,40665836
1271,1271,HVH,2020,20292449
1272,1272,HVH,2021,32508965
1273,1273,HVH,2024,40648961
1274,1274,HVN,2024,2214669762
1275,1275,HVN,2022,2214541403
1276,1276,HVN,2023,2214451666
1277,1277,HVN,2021,1631953170
1278,1278,HVN,2020,1418358682
1279,1279,HVT,2020,12210643
1280,1280,HVT,2021,12209782
1281,1281,HVT,2022,12209179
1282,1282,HVT,2023,12208066
1283,1283,HVT,2024,12208522
1284,1284,HVX,2023,41529420
1285,1285,HVX,2022,41164792
1286,1286,HVX,2024,41507067
1287,1287,HVX,2020,41650041
1288,1288,HVX,2021,41478665
1289,1289,ICG,2020,19515967
1290,1290,ICG,2021,19534820
1291,1291,ICG,2022,19535800
1292,1292,ICG,2023,17568574
1293,1293,ICG,2024,0
1294,1294,ICT,2020,32192577
1295,1295,ICT,2021,35634245
1296,1296,ICT,2022,32152960
1297,1297,ICT,2023,32163843
1298,1298,ICT,2024,32192209
1299,1299,IDC,2024,329976288
1300,1300,IDC,2023,330013543
1301,1301,IDC,2022,315344698
1302,1302,IDC,2021,300071381
1303,1303,IDC,2020,301823826
1304,1304,IDI,2020,227751428
1305,1305,IDI,2021,227718247
1306,1306,IDI,2022,227685384
1307,1307,IDI,2023,227424989
1308,1308,IDI,2024,243596541
1309,1309,IDJ,2023,173368248
1310,1310,IDJ,2022,150351816
1311,1311,IDJ,2024,344781758
1312,1312,IDJ,2020,32612554
1313,1313,IDJ,2021,67805753
1314,1314,IDV,2020,16952522
1315,1315,IDV,2021,19601687
1316,1316,IDV,2022,23698988
1317,1317,IDV,2023,28979531
1318,1318,IDV,2024,40374931
1319,1319,IJC,2020,145459477
1320,1320,IJC,2021,264525230
1321,1321,IJC,2022,267005781
1322,1322,IJC,2023,270818171
1323,1323,IJC,2024,354747508
1324,1324,ILB,2023,29704739
1325,1325,ILB,2022,27876096
1326,1326,ILB,2024,29544244
1327,1327,ILB,2020,30368426
1328,1328,ILB,2021,29357914
1329,1329,IMP,2020,75620944
1330,1330,IMP,2021,72728798
1331,1331,IMP,2022,75750701
1332,1332,IMP,2023,82363488
1333,1333,IMP,2024,166077843
1334,1334,INC,2023,2000345
1335,1335,INC,2022,1999655
1336,1336,INC,2024,1994505
1337,1337,INC,2020,2000344
1338,1338,INC,2021,2222354
1339,1339,INN,2020,18917085
1340,1340,INN,2021,18800601
1341,1341,INN,2022,18899172
1342,1342,INN,2023,18899434
1343,1343,INN,2024,17956909
1344,1344,IPA,2020,92054875
1345,1345,IPA,2021,213840785
1346,1346,IPA,2022,213668336
1347,1347,IPA,2023,213792037
1348,1348,IPA,2024,213850800
1349,1349,ITC,2023,95957497
1350,1350,ITC,2022,95939887
1351,1351,ITC,2024,95993264
1352,1352,ITC,2020,79739296
1353,1353,ITC,2021,97890330
1354,1354,ITD,2020,19014882
1355,1355,ITD,2021,18990092
1356,1356,ITD,2022,23540695
1357,1357,ITD,2023,0
1358,1358,ITD,2024,22247617
1359,1359,ITQ,2020,24948526
1360,1360,ITQ,2021,23591169
1361,1361,ITQ,2022,31625792
1362,1362,ITQ,2023,32044664
1363,1363,ITQ,2024,31762050
1364,1364,IVS,2024,69586477
1365,1365,IVS,2023,69444288
1366,1366,IVS,2022,69535906
1367,1367,IVS,2020,69550218
1368,1368,IVS,2021,69385439
1369,1369,JVC,2020,112527583
1370,1370,JVC,2021,112204645
1371,1371,JVC,2022,111896286
1372,1372,JVC,2023,112466632
1373,1373,JVC,2024,112435070
1374,1374,KBC,2020,469670513
1375,1375,KBC,2021,657587320
1376,1376,KBC,2022,765856036
1377,1377,KBC,2023,767460076
1378,1378,KBC,2024,767850155
1379,1379,KDC,2023,258450068
1380,1380,KDC,2022,230661894
1381,1381,KDC,2024,268484042
1382,1382,KDC,2020,206416617
1383,1383,KDC,2021,230625730
1384,1384,KDH,2020,559594909
1385,1385,KDH,2021,671773260
1386,1386,KDH,2022,765940047
1387,1387,KDH,2023,851992660
1388,1388,KDH,2024,1012186113
1389,1389,KDM,2020,6989376
1390,1390,KDM,2021,72538734
1391,1391,KDM,2022,7096212
1392,1392,KDM,2023,7090147
1393,1393,KDM,2024,7111556
1394,1394,KHG,2024,450082828
1395,1395,KHG,2023,452877487
1396,1396,KHG,2020,136397265
1397,1397,KHG,2021,256198538
1398,1398,KHG,2022,400062016
1399,1399,KHP,2020,62093728
1400,1400,KHP,2021,57456029
1401,1401,KHP,2022,58895522
1402,1402,KHP,2023,58879481
1403,1403,KHP,2024,60369373
1404,1404,KHS,2023,13445262
1405,1405,KHS,2022,13435424
1406,1406,KHS,2024,13144782
1407,1407,KHS,2020,13432841
1408,1408,KHS,2021,13433137
1409,1409,KKC,2024,5200827
1410,1410,KKC,2023,5162062
1411,1411,KKC,2020,4692468
1412,1412,KKC,2021,4691217
1413,1413,KKC,2022,5199780
1414,1414,KMR,2020,60779333
1415,1415,KMR,2021,56831644
1416,1416,KMR,2022,56915599
1417,1417,KMR,2023,62119634
1418,1418,KMR,2024,0
1419,1419,KMT,2023,9843430
1420,1420,KMT,2024,0
1421,1421,KMT,2020,9848454
1422,1422,KMT,2021,9843583
1423,1423,KMT,2022,9846493
1424,1424,KOS,2020,103846122
1425,1425,KOS,2021,164588311
1426,1426,KOS,2022,217191142
1427,1427,KOS,2023,217140781
1428,1428,KOS,2024,217038911
1429,1429,KSB,2020,74848562
1430,1430,KSB,2021,85236946
1431,1431,KSB,2022,88575093
1432,1432,KSB,2023,91977166
1433,1433,KSB,2024,122665046
1434,1434,KSD,2023,12863681
1435,1435,KSD,2024,12009081
1436,1436,KSD,2022,11937612
1437,1437,KSD,2020,12001885
1438,1438,KSD,2021,-12006160
1439,1439,KSF,2020,249944243
1440,1440,KSF,2021,267627010
1441,1441,KSF,2022,299925770
1442,1442,KSF,2023,299975088
1443,1443,KSF,2024,300054547
1444,1444,KST,2023,5971700
1445,1445,KST,2022,6159245
1446,1446,KST,2024,6292793
1447,1447,KST,2020,3306403
1448,1448,KST,2021,3181315
1449,1449,KSV,2020,200110622
1450,1450,KSV,2021,286635657
1451,1451,KSV,2022,200029865
1452,1452,KSV,2023,200124273
1453,1453,KSV,2024,199987531
1454,1454,KTS,2020,5350657
1455,1455,KTS,2021,5641322
1456,1456,KTS,2022,5026265
1457,1457,KTS,2023,5069315
1458,1458,KTS,2024,5070215
1459,1459,L10,2023,11353599
1460,1460,L10,2022,9787640
1461,1461,L10,2024,9788470
1462,1462,L10,2020,9788288
1463,1463,L10,2021,9790689
1464,1464,L14,2020,22585657
1465,1465,L14,2021,26494131
1466,1466,L14,2022,32459318
1467,1467,L14,2023,30853955
1468,1468,L14,2024,0
1469,1469,L18,2020,23008750
1470,1470,L18,2021,34909951
1471,1471,L18,2022,0
1472,1472,L18,2023,38099721
1473,1473,L18,2024,0
1474,1474,L40,2024,3548505698
1475,1475,L40,2023,3571308
1476,1476,L40,2022,3575132
1477,1477,L40,2020,3635230
1478,1478,L40,2021,25534326
1479,1479,LAF,2020,14725667
1480,1480,LAF,2021,16248929
1481,1481,LAF,2022,14726695
1482,1482,LAF,2023,14728711
1483,1483,LAF,2024,14944916
1484,1484,LAS,2020,123913925
1485,1485,LAS,2021,122755287
1486,1486,LAS,2022,122785408
1487,1487,LAS,2023,125454597
1488,1488,LAS,2024,125404963
1489,1489,LBE,2023,2149080
1490,1490,LBE,2024,1997093
1491,1491,LBE,2021,1178063
1492,1492,LBE,2020,1096053
1493,1493,LBE,2022,1181732
1494,1494,LBM,2020,10000334
1495,1495,LBM,2021,19998696
1496,1496,LBM,2022,19999698
1497,1497,LBM,2023,20000536
1498,1498,LBM,2024,23295256
1499,1499,LCD,2020,1666370
1500,1500,LCD,2021,1666462
1501,1501,LCD,2022,1667839
1502,1502,LCD,2023,1494915
1503,1503,LCD,2024,1664120
1504,1504,LCG,2024,193197545
1505,1505,LCG,2023,199642816
1506,1506,LCG,2020,128056258
1507,1507,LCG,2021,143117462
1508,1508,LCG,2022,229981703
1509,1509,LDG,2020,253128214
1510,1510,LDG,2021,252065588
1511,1511,LDG,2022,249569705
1512,1512,LDG,2023,256158492
1513,1513,LDG,2024,256215031
1514,1514,LDP,2024,12705674
1515,1515,LDP,2022,12703010
1516,1516,LDP,2023,12700486
1517,1517,LDP,2020,9189448
1518,1518,LDP,2021,12703876
1519,1519,LGC,2020,194183902
1520,1520,LGC,2021,195553437
1521,1521,LGC,2022,195599434
1522,1522,LGC,2023,194050300
1523,1523,LGC,2024,195555687
1524,1524,LGL,2024,51517479
1525,1525,LGL,2022,51731686
1526,1526,LGL,2023,51557503
1527,1527,LGL,2020,51737369
1528,1528,LGL,2021,50576388
1529,1529,LHC,2020,7246291
1530,1530,LHC,2021,7304960
1531,1531,LHC,2022,14463190
1532,1532,LHC,2023,14401120
1533,1533,LHC,2024,14400718
1534,1534,LHG,2023,61756444
1535,1535,LHG,2020,54240892
1536,1536,LHG,2021,59187966
1537,1537,LHG,2022,55239927
1538,1538,LHG,2024,0
1539,1539,LIG,2023,94174671
1540,1540,LIG,2022,75076746
1541,1541,LIG,2024,121150849
1542,1542,LIG,2020,45395972
1543,1543,LIG,2021,64051742
1544,1544,LIX,2024,72149612
1545,1545,LIX,2023,36074621
1546,1546,LIX,2020,36061490
1547,1547,LIX,2021,36070296
1548,1548,LIX,2022,36056115
1549,1549,LM8,2020,12530042
1550,1550,LM8,2021,11740553
1551,1551,LM8,2022,12038934
1552,1552,LM8,2023,11737242
1553,1553,LM8,2024,10917989
1554,1554,LPB,2024,2489984631
1555,1555,LPB,2023,2059980037
1556,1556,LPB,2022,1688600899
1557,1557,LPB,2021,1740307692
1558,1558,LPB,2020,1211391021
1559,1559,LSS,2020,67052317
1560,1560,LSS,2021,0
1561,1561,LSS,2022,74567723
1562,1562,LSS,2023,74591178
1563,1563,LSS,2024,0
1564,1564,MAC,2023,15142246
1565,1565,MAC,2022,15148300
1566,1566,MAC,2024,15139734
1567,1567,MAC,2020,15059549
1568,1568,MAC,2021,15142304
1569,1569,MAS,2024,8098436
1570,1570,MAS,2023,5483947
1571,1571,MAS,2022,97549700
1572,1572,MAS,2021,4257468
1573,1573,MAS,2020,3893595
1574,1574,MBB,2020,2760661209
1575,1575,MBB,2021,4052689116
1576,1576,MBB,2022,4533904305
1577,1577,MBB,2023,5213511851
1578,1578,MBB,2024,0
1579,1579,MBG,2023,120320944
1580,1580,MBG,2024,120353178
1581,1581,MBG,2020,46945972
1582,1582,MBG,2021,72329030
1583,1583,MBG,2022,98554086
1584,1584,MBS,2020,155321044
1585,1585,MBS,2021,264806251
1586,1586,MBS,2022,357335409
1587,1587,MBS,2023,550958859
1588,1588,MBS,2024,552416882
1589,1589,MCC,2020,6315077
1590,1590,MCC,2021,6311827
1591,1591,MCC,2022,6312853
1592,1592,MCC,2023,5654717
1593,1593,MCC,2024,5660600
1594,1594,MCF,2023,13010233
1595,1595,MCF,2024,0
1596,1596,MCF,2021,12830382
1597,1597,MCF,2020,12846715
1598,1598,MCF,2022,12823738
1599,1599,MCM,2020,74426112
1600,1600,MCM,2021,110381084
1601,1601,MCM,2022,122239575
1602,1602,MCM,2023,122238816
1603,1603,MCM,2024,122246121
1604,1604,MCO,2023,4085512
1605,1605,MCO,2022,4112550
1606,1606,MCO,2024,4106612
1607,1607,MCO,2020,4081398
1608,1608,MCO,2021,4089669
1609,1609,MCP,2020,15052389
1610,1610,MCP,2021,15050903
1611,1611,MCP,2022,15059146
1612,1612,MCP,2023,15049149
1613,1613,MCP,2024,15052121
1614,1614,MDC,2020,21417509
1615,1615,MDC,2021,21420024
1616,1616,MDC,2022,21418376
1617,1617,MDC,2023,21414274
1618,1618,MDC,2024,21420296
1619,1619,MDG,2024,0
1620,1620,MDG,2023,10293344
1621,1621,MDG,2022,10766329
1622,1622,MDG,2021,10325540
1623,1623,MDG,2020,10330712
1624,1624,MED,2020,6279763
1625,1625,MED,2021,6283865
1626,1626,MED,2022,10869790
1627,1627,MED,2023,12414263
1628,1628,MED,2024,12414238
1629,1629,MEL,2023,15021550
1630,1630,MEL,2022,15015747
1631,1631,MEL,2024,14896737
1632,1632,MEL,2020,15010265
1633,1633,MEL,2021,15000162
1634,1634,MHC,2020,41769391
1635,1635,MHC,2021,41418310
1636,1636,MHC,2022,41391790
1637,1637,MHC,2023,41433946
1638,1638,MHC,2024,0
1639,1639,MIG,2020,129971313
1640,1640,MIG,2021,135813079
1641,1641,MIG,2022,153807965
1642,1642,MIG,2023,172649152
1643,1643,MIG,2024,0
1644,1644,MKV,2023,5001184
1645,1645,MKV,2022,4999196
1646,1646,MKV,2024,5001169
1647,1647,MKV,2020,4998487
1648,1648,MKV,2021,4998999
1649,1649,MSB,2020,1074329060
1650,1650,MSB,2021,1492137574
1651,1651,MSB,2022,2049828153
1652,1652,MSB,2023,2000092162
1653,1653,MSB,2024,2599800754
1654,1654,MSH,2023,75015219
1655,1655,MSH,2022,75007966
1656,1656,MSH,2024,75010684
1657,1657,MSH,2020,50012205
1658,1658,MSH,2021,50009205
1659,1659,MSN,2020,1170760911
1660,1660,MSN,2021,1178000000
1661,1661,MSN,2022,1420547989
1662,1662,MSN,2023,1424132653
1663,1663,MSN,2024,1486289219
1664,1664,MST,2020,35528839
1665,1665,MST,2021,59249673
1666,1666,MST,2022,68142785
1667,1667,MST,2023,71513318
1668,1668,MST,2024,76175775
1669,1669,MVB,2023,105000130
1670,1670,MVB,2022,137581346
1671,1671,MVB,2024,116619070
1672,1672,MVB,2020,104988189
1673,1673,MVB,2021,105011702
1674,1674,MWG,2020,452711785
1675,1675,MWG,2021,1440843905
1676,1676,MWG,2022,1458990401
1677,1677,MWG,2023,1457994719
1678,1678,MWG,2024,1461849349
1679,1679,NAB,2020,409873911
1680,1680,NAB,2021,513372584
1681,1681,NAB,2022,815828520
1682,1682,NAB,2023,1057957627
1683,1683,NAB,2024,0
1684,1684,NAF,2024,52106999
1685,1685,NAF,2023,50567070
1686,1686,NAF,2021,112307679
1687,1687,NAF,2020,45630047
1688,1688,NAF,2022,50579407
1689,1689,NAG,2020,16208148
1690,1690,NAG,2021,17026478
1691,1691,NAG,2022,24402434
1692,1692,NAG,2023,32305519
1693,1693,NAG,2024,32573285
1694,1694,NAP,2024,21525423
1695,1695,NAP,2020,21516200
1696,1696,NAP,2021,21503654
1697,1697,NAP,2022,21512141
1698,1698,NAP,2023,21522744
1699,1699,NAV,2022,8592032
1700,1700,NAV,2023,8590447
1701,1701,NAV,2020,8340904
1702,1702,NAV,2021,8590702
1703,1703,NAV,2024,8589718
1704,1704,NBB,2023,105985762
1705,1705,NBB,2022,105324870
1706,1706,NBB,2024,105947272
1707,1707,NBB,2020,102422215
1708,1708,NBB,2021,105436507
1709,1709,NBC,2020,36988053
1710,1710,NBC,2021,36995038
1711,1711,NBC,2022,36993736
1712,1712,NBC,2023,36996622
1713,1713,NBC,2024,37009962
1714,1714,NBP,2023,12855993
1715,1715,NBP,2022,12865062
1716,1716,NBP,2024,0
1717,1717,NBP,2020,12866241
1718,1718,NBP,2021,12864047
1719,1719,NBW,2020,10900741
1720,1720,NBW,2021,10901398
1721,1721,NBW,2022,10901277
1722,1722,NBW,2023,10898006
1723,1723,NBW,2024,0
1724,1724,NCT,2020,27614556
1725,1725,NCT,2021,26860332
1726,1726,NCT,2022,27433020
1727,1727,NCT,2023,27522674
1728,1728,NCT,2024,29039609
1729,1729,NDN,2024,71626320
1730,1730,NDN,2023,71664248
1731,1731,NDN,2022,71659461
1732,1732,NDN,2021,71652836
1733,1733,NDN,2020,56520247
1734,1734,NDX,2020,9588008
1735,1735,NDX,2021,9583133
1736,1736,NDX,2022,9587211
1737,1737,NDX,2023,9586573
1738,1738,NDX,2024,9559050
1739,1739,NET,2023,22399543
1740,1740,NET,2022,22397120
1741,1741,NET,2024,22398308
1742,1742,NET,2020,22399468
1743,1743,NET,2021,22399434
1744,1744,NFC,2020,15722874
1745,1745,NFC,2021,17488600
1746,1746,NFC,2022,15733355
1747,1747,NFC,2023,15730099
1748,1748,NFC,2024,15728897
1749,1749,NHA,2020,24142582
1750,1750,NHA,2021,28054257
1751,1751,NHA,2022,37448083
1752,1752,NHA,2023,42093183
1753,1753,NHA,2024,0
1754,1754,NHC,2023,3037964
1755,1755,NHC,2022,3379194
1756,1756,NHC,2024,3282921
1757,1757,NHC,2020,3379187
1758,1758,NHC,2021,3379210
1759,1759,NHH,2020,34593142
1760,1760,NHH,2021,36441723
1761,1761,NHH,2022,57564915
1762,1762,NHH,2023,72893496
1763,1763,NHH,2024,0
1764,1764,NHT,2023,23762539
1765,1765,NHT,2022,24002039
1766,1766,NHT,2024,23992955
1767,1767,NHT,2020,15241632
1768,1768,NHT,2021,24004241
1769,1769,NKG,2020,176596610
1770,1770,NKG,2021,213577220
1771,1771,NKG,2022,263048181
1772,1772,NKG,2023,263247904
1773,1773,NKG,2024,0
1774,1774,NLG,2020,271236477
1775,1775,NLG,2021,345539311
1776,1776,NLG,2022,413586402
1777,1777,NLG,2023,407528561
1778,1778,NLG,2024,403309633
1779,1779,NNC,2023,23831103
1780,1780,NNC,2022,23829699
1781,1781,NNC,2024,0
1782,1782,NNC,2020,23827668
1783,1783,NNC,2021,23826141
1784,1784,NO1,2020,8471975
1785,1785,NO1,2021,15824096
1786,1786,NO1,2022,23801714
1787,1787,NO1,2023,23985695
1788,1788,NO1,2024,24067349
1789,1789,NRC,2020,30985939
1790,1790,NRC,2021,74739131
1791,1791,NRC,2022,88215335
1792,1792,NRC,2023,92473450
1793,1793,NRC,2024,92646026
1794,1794,NSC,2024,18957076
1795,1795,NSC,2023,17660404
1796,1796,NSC,2022,17574455
1797,1797,NSC,2020,17574077
1798,1798,NSC,2021,17574101
1799,1799,NSH,2020,20800131
1800,1800,NSH,2021,0
1801,1801,NSH,2022,20693994
1802,1802,NSH,2023,20511925
1803,1803,NSH,2024,0
1804,1804,NST,2020,11249850
1805,1805,NST,2021,11199714
1806,1806,NST,2022,11205902
1807,1807,NST,2023,11202722
1808,1808,NST,2024,11199500
1809,1809,NT2,2023,306000480
1810,1810,NT2,2022,295259832
1811,1811,NT2,2024,301448815
1812,1812,NT2,2020,298445880
1813,1813,NT2,2021,303980110
1814,1814,NTH,2020,11370549
1815,1815,NTH,2021,11594310
1816,1816,NTH,2022,11370673
1817,1817,NTH,2023,11371201
1818,1818,NTH,2024,10801179
1819,1819,NTL,2020,65587161
1820,1820,NTL,2021,65588852
1821,1821,NTL,2022,65579070
1822,1822,NTL,2023,65584421
1823,1823,NTL,2024,60987382
1824,1824,NTP,2024,142542048
1825,1825,NTP,2023,143771452
1826,1826,NTP,2020,132031007
1827,1827,NTP,2021,143089522
1828,1828,NTP,2022,143188929
1829,1829,NVB,2020,404000000
1830,1830,NVB,2021,466666667
1831,1831,NVB,2022,0
1832,1832,NVB,2023,557034942
1833,1833,NVB,2024,0
1834,1834,NVL,2023,1947196849
1835,1835,NVL,2022,1944308654
1836,1836,NVL,2024,1950003281
1837,1837,NVL,2020,974650991
1838,1838,NVL,2021,1772780114
1839,1839,NVT,2024,0
1840,1840,NVT,2023,90459188
1841,1841,NVT,2020,90130088
1842,1842,NVT,2021,90514295
1843,1843,NVT,2022,90237342
1844,1844,OCB,2020,1051077077
1845,1845,OCB,2021,1381731169
1846,1846,OCB,2022,1381778718
1847,1847,OCB,2023,2072335446
1848,1848,OCB,2024,2485569351
1849,1849,OCH,2023,212937675
1850,1850,OCH,2024,0
1851,1851,OCH,2020,199987807
1852,1852,OCH,2021,200029042
1853,1853,OCH,2022,200141514
1854,1854,OGC,2020,300028055
1855,1855,OGC,2021,300276821
1856,1856,OGC,2022,299545365
1857,1857,OGC,2023,327806419
1858,1858,OGC,2024,300171637
1859,1859,ONE,2020,7924299
1860,1860,ONE,2021,7826519
1861,1861,ONE,2022,7873488
1862,1862,ONE,2023,7905133
1863,1863,ONE,2024,7958733
1864,1864,OPC,2023,74806655
1865,1865,OPC,2024,75375721
1866,1866,OPC,2021,71642123
1867,1867,OPC,2020,26654257
1868,1868,OPC,2022,71063963
1869,1869,ORS,2020,56142136
1870,1870,ORS,2021,145600596
1871,1871,ORS,2022,200110397
1872,1872,ORS,2023,199929872
1873,1873,ORS,2024,334018880
1874,1874,PAC,2023,51637088
1875,1875,PAC,2022,51628427
1876,1876,PAC,2024,51642320
1877,1877,PAC,2020,51627086
1878,1878,PAC,2021,51641998
1879,1879,PAN,2020,206470738
1880,1880,PAN,2021,208844513
1881,1881,PAN,2022,208920968
1882,1882,PAN,2023,208914807
1883,1883,PAN,2024,208869670
1884,1884,PBP,2020,6000255
1885,1885,PBP,2021,5647964
1886,1886,PBP,2022,6001859
1887,1887,PBP,2023,5998822
1888,1888,PBP,2024,4799171
1889,1889,PC1,2023,682397865
1890,1890,PC1,2022,302715858
1891,1891,PC1,2024,397531151
1892,1892,PC1,2020,191202947
1893,1893,PC1,2021,243184131
1894,1894,PCE,2020,13048825
1895,1895,PCE,2021,12214057
1896,1896,PCE,2022,12806456
1897,1897,PCE,2023,12877649
1898,1898,PCE,2024,0
1899,1899,PCH,2021,17311678
1900,1900,PCH,2022,19461834
1901,1901,PCH,2023,22002982
1902,1902,PCH,2024,0
1903,1903,PCT,2024,55596278
1904,1904,PCT,2023,36696542
1905,1905,PCT,2022,26507269
1906,1906,PCT,2020,24563415
1907,1907,PCT,2021,26552937
1908,1908,PDB,2020,10120649
1909,1909,PDB,2021,8898395
1910,1910,PDB,2022,8890376
1911,1911,PDB,2023,12954243
1912,1912,PDB,2024,10121576
1913,1913,PDN,2020,21145997
1914,1914,PDN,2021,21144301
1915,1915,PDN,2022,20655583
1916,1916,PDN,2023,40149307
1917,1917,PDN,2024,40141301
1918,1918,PDR,2024,843041031
1919,1919,PDR,2023,682012572
1920,1920,PDR,2020,417062077
1921,1921,PDR,2021,684656338
1922,1922,PDR,2022,695999335
1923,1923,PEN,2020,5555869
1924,1924,PEN,2021,5000514
1925,1925,PEN,2022,4985695
1926,1926,PEN,2023,5000253
1927,1927,PEN,2024,5001943
1928,1928,PET,2020,89942169
1929,1929,PET,2021,90297819
1930,1930,PET,2022,91567358
1931,1931,PET,2023,109994969
1932,1932,PET,2024,106730076
1933,1933,PGC,2024,74359392
1934,1934,PGC,2023,77166401
1935,1935,PGC,2020,68337331
1936,1936,PGC,2021,72879834
1937,1937,PGC,2022,72708431
1938,1938,PGD,2020,94908222
1939,1939,PGD,2021,97437585
1940,1940,PGD,2022,92702810
1941,1941,PGD,2023,104026570
1942,1942,PGD,2024,105356610
1943,1943,PGI,2024,0
1944,1944,PGI,2022,103414331
1945,1945,PGI,2023,110884074
1946,1946,PGI,2020,106275837
1947,1947,PGI,2021,144203197
1948,1948,PGN,2020,3300326
1949,1949,PGN,2021,6835063
1950,1950,PGN,2022,8451127
1951,1951,PGN,2023,8451629
1952,1952,PGN,2024,9442299
1953,1953,PGS,2024,55248453
1954,1954,PGS,2022,57576480
1955,1955,PGS,2023,55785726
1956,1956,PGS,2020,61038619
1957,1957,PGS,2021,57215543
1958,1958,PGT,2020,8855389
1959,1959,PGT,2021,8838100
1960,1960,PGT,2022,9233704
1961,1961,PGT,2023,9240725
1962,1962,PGT,2024,9242554
1963,1963,PGV,2023,1123559732
1964,1964,PGV,2020,1070135950
1965,1965,PGV,2021,1123408019
1966,1966,PGV,2022,1123444358
1967,1967,PGV,2024,1123108964
1968,1968,PHC,2023,50700051
1969,1969,PHC,2022,50673413
1970,1970,PHC,2024,50690835
1971,1971,PHC,2020,25779827
1972,1972,PHC,2021,25880369
1973,1973,PHN,2024,0
1974,1974,PHN,2023,7254070
1975,1975,PHN,2020,7253629
1976,1976,PHN,2021,7253147
1977,1977,PHN,2022,7254359
1978,1978,PHR,2020,140308362
1979,1979,PHR,2021,148711524
1980,1980,PHR,2022,141331474
1981,1981,PHR,2023,143817834
1982,1982,PHR,2024,147437220
1983,1983,PIA,2024,3900220
1984,1984,PIA,2023,3900555
1985,1985,PIA,2022,3899533
1986,1986,PIA,2021,3900211
1987,1987,PIA,2020,3899815
1988,1988,PIC,2020,33342754
1989,1989,PIC,2021,33323496
1990,1990,PIC,2022,35820533
1991,1991,PIC,2023,36684712
1992,1992,PIC,2024,37426466
1993,1993,PIT,2023,14208107
1994,1994,PIT,2022,14205012
1995,1995,PIT,2024,0
1996,1996,PIT,2020,14240646
1997,1997,PIT,2021,14218064
1998,1998,PJC,2024,7325995
1999,1999,PJC,2023,7326301
2000,2000,PJC,2022,7327199
2001,2001,PJC,2021,7328139
2002,2002,PJC,2020,7044567
2003,2003,PJT,2020,17622718
2004,2004,PJT,2021,21768982
2005,2005,PJT,2022,27103085
2006,2006,PJT,2023,25485717
2007,2007,PJT,2024,24893190
2008,2008,PLC,2023,86886907
2009,2009,PLC,2024,80838260
2010,2010,PLC,2020,86205107
2011,2011,PLC,2021,107368875
2012,2012,PLC,2022,99707972
2013,2013,PLP,2020,39997789
2014,2014,PLP,2021,40001258
2015,2015,PLP,2022,-60248918
2016,2016,PLP,2023,70121392
2017,2017,PLP,2024,0
2018,2018,PLX,2020,1440911496
2019,2019,PLX,2021,1611182902
2020,2020,PLX,2022,1399363868
2021,2021,PLX,2023,1661141107
2022,2022,PLX,2024,1580099587
2023,2023,PMB,2023,14995472
2024,2024,PMB,2024,0
2025,2025,PMB,2022,14996519
2026,2026,PMB,2020,15006291
2027,2027,PMB,2021,15000919
2028,2028,PMC,2020,12783658
2029,2029,PMC,2021,12783202
2030,2030,PMC,2022,12784131
2031,2031,PMC,2023,12785257
2032,2032,PMC,2024,12784493
2033,2033,PMG,2023,46064114
2034,2034,PMG,2022,46254333
2035,2035,PMG,2024,46331413
2036,2036,PMG,2020,46375715
2037,2037,PMG,2021,46342343
2038,2038,PMP,2020,4941871
2039,2039,PMP,2021,4940755
2040,2040,PMP,2022,4942486
2041,2041,PMP,2023,4941763
2042,2042,PMP,2024,0
2043,2043,PMS,2020,7776575
2044,2044,PMS,2021,7741211
2045,2045,PMS,2022,7686093
2046,2046,PMS,2023,7649991
2047,2047,PMS,2024,7506687
2048,2048,PNC,2024,10797745
2049,2049,PNC,2023,10797877
2050,2050,PNC,2022,10796008
2051,2051,PNC,2021,10803108
2052,2052,PNC,2020,10794111
2053,2053,PNJ,2020,248214973
2054,2054,PNJ,2021,245185172
2055,2055,PNJ,2022,346676593
2056,2056,PNJ,2023,362601026
2057,2057,PNJ,2024,369549872
2058,2058,POT,2023,19359100
2059,2059,POT,2022,19428504
2060,2060,POT,2024,0
2061,2061,POT,2020,0
2062,2062,POT,2021,19435867
2063,2063,POW,2020,2367382276
2064,2064,POW,2021,2375897017
2065,2065,POW,2022,2366083006
2066,2066,POW,2023,2343936664
2067,2067,POW,2024,2339992433
2068,2068,PPC,2020,320658466
2069,2069,PPC,2021,320753322
2070,2070,PPC,2022,320569128
2071,2071,PPC,2023,320490959
2072,2072,PPC,2024,0
2073,2073,PPE,2023,2000249
2074,2074,PPE,2022,1999723
2075,2075,PPE,2024,1999372
2076,2076,PPE,2020,1997067
2077,2077,PPE,2021,1997593
2078,2078,PPP,2020,9958292
2079,2079,PPP,2021,9792425
2080,2080,PPP,2022,9753757
2081,2081,PPP,2023,9753502
2082,2082,PPP,2024,9829455
2083,2083,PPS,2023,18759830
2084,2084,PPS,2022,18751165
2085,2085,PPS,2024,18750267
2086,2086,PPS,2020,18745182
2087,2087,PPS,2021,18760251
2088,2088,PPT,2020,1463793
2089,2089,PPT,2021,5381189
2090,2090,PPT,2022,9058372
2091,2091,PPT,2023,15366682
2092,2092,PPT,2024,0
2093,2093,PPY,2020,9321811
2094,2094,PPY,2021,10144035
2095,2095,PPY,2022,9424138
2096,2096,PPY,2023,9347045
2097,2097,PPY,2024,9344992
2098,2098,PRC,2023,1199562
2099,2099,PRC,2022,1200008
2100,2100,PRC,2024,1200027
2101,2101,PRC,2020,1198459
2102,2102,PRC,2021,1199628
2103,2103,PRE,2020,82898610
2104,2104,PRE,2021,79142605
2105,2105,PRE,2022,76064111
2106,2106,PRE,2023,90250751
2107,2107,PRE,2024,108177557
2108,2108,PSC,2020,7201586
2109,2109,PSC,2021,7197596
2110,2110,PSC,2022,7201796
2111,2111,PSC,2023,7198350
2112,2112,PSC,2024,7190703
2113,2113,PSD,2024,52981665
2114,2114,PSD,2023,52005251
2115,2115,PSD,2022,40623441
2116,2116,PSD,2020,31248072
2117,2117,PSD,2021,40720938
2118,2118,PSE,2020,16177529
2119,2119,PSE,2021,16137574
2120,2120,PSE,2022,15626153
2121,2121,PSE,2023,15617863
2122,2122,PSE,2024,11720051
2123,2123,PSI,2020,59779465
2124,2124,PSI,2021,59885607
2125,2125,PSI,2022,59858510
2126,2126,PSI,2023,59795441
2127,2127,PSI,2024,59841691
2128,2128,PSW,2023,21254437
2129,2129,PSW,2022,21247686
2130,2130,PSW,2024,21245311
2131,2131,PSW,2020,21237832
2132,2132,PSW,2021,21047057
2133,2133,PTB,2020,46504248
2134,2134,PTB,2021,66846107
2135,2135,PTB,2022,68038510
2136,2136,PTB,2023,67689690
2137,2137,PTB,2024,66941513
2138,2138,PTC,2020,16203880
2139,2139,PTC,2021,30491092
2140,2140,PTC,2022,31361143
2141,2141,PTC,2023,32232395
2142,2142,PTC,2024,32166607
2143,2143,PTD,2024,0
2144,2144,PTD,2022,3187530
2145,2145,PTD,2023,3198940
2146,2146,PTD,2020,3555023
2147,2147,PTD,2021,3556670
2148,2148,PTI,2020,83744820
2149,2149,PTI,2021,87629302
2150,2150,PTI,2022,80396786
2151,2151,PTI,2023,80403412
2152,2152,PTI,2024,80397926
2153,2153,PTL,2020,98202693
2154,2154,PTL,2021,98760677
2155,2155,PTL,2022,98893598
2156,2156,PTL,2023,99384476
2157,2157,PTL,2024,98832278
2158,2158,PTS,2024,5567716
2159,2159,PTS,2023,5568602
2160,2160,PTS,2020,5566842
2161,2161,PTS,2021,6537676
2162,2162,PTS,2022,5568997
2163,2163,PV2,2020,38237180
2164,2164,PV2,2021,36919665
2165,2165,PV2,2022,36977876
2166,2166,PV2,2023,36911395
2167,2167,PV2,2024,36832286
2168,2168,PVB,2023,21565777
2169,2169,PVB,2022,21601660
2170,2170,PVB,2024,21584862
2171,2171,PVB,2020,27573505
2172,2172,PVB,2021,145248360
2173,2173,PVC,2020,673080132
2174,2174,PVC,2021,64703861
2175,2175,PVC,2022,63551821
2176,2176,PVC,2023,81933114
2177,2177,PVC,2024,181566266
2178,2178,PVD,2020,661326951
2179,2179,PVD,2021,-543162825
2180,2180,PVD,2022,411795175
2181,2181,PVD,2023,722015160
2182,2182,PVD,2024,698645009
2183,2183,PVG,2024,0
2184,2184,PVG,2023,36213357
2185,2185,PVG,2021,36462047
2186,2186,PVG,2022,36467333
2187,2187,PVG,2020,39329333
2188,2188,PVI,2020,237903365
2189,2189,PVI,2021,237488764
2190,2190,PVI,2022,244763900
2191,2191,PVI,2023,237089343
2192,2192,PVI,2024,237071384
2193,2193,PVP,2020,98859587
2194,2194,PVP,2021,98395718
2195,2195,PVP,2022,99247619
2196,2196,PVP,2023,100308062
2197,2197,PVP,2024,95780000
2198,2198,PVS,2024,0
2199,2199,PVS,2023,650070185
2200,2200,PVS,2020,596554573
2201,2201,PVS,2021,760544532
2202,2202,PVS,2022,561038891
2203,2203,PVT,2020,344030895
2204,2204,PVT,2021,341312330
2205,2205,PVT,2022,342935512
2206,2206,PVT,2023,343741197
2207,2207,PVT,2024,355960893
2208,2208,QCG,2023,276096462
2209,2209,QCG,2024,274669506
2210,2210,QCG,2022,276650621
2211,2211,QCG,2020,275414514
2212,2212,QCG,2021,274604983
2213,2213,QHD,2020,5524956
2214,2214,QHD,2021,5525901
2215,2215,QHD,2022,5524004
2216,2216,QHD,2023,5524542
2217,2217,QHD,2024,5525517
2218,2218,QNP,2023,40407931
2219,2219,QNP,2024,40414279
2220,2220,QST,2021,3230865
2221,2221,QST,2024,3239986
2222,2222,QST,2023,3607995
2223,2223,QST,2020,1630246
2224,2224,QST,2022,3683392
2225,2225,QTC,2023,2700699
2226,2226,QTC,2020,2700003
2227,2227,QTC,2021,2700819
2228,2228,QTC,2022,2698368
2229,2229,QTC,2024,2699322
2230,2230,RAL,2023,23255517
2231,2231,RAL,2022,19004357
2232,2232,RAL,2024,23547076
2233,2233,RAL,2020,11499821
2234,2234,RAL,2021,11934480
2235,2235,RCL,2024,0
2236,2236,RCL,2023,17586674
2237,2237,RCL,2022,17546165
2238,2238,RCL,2020,15370336
2239,2239,RCL,2021,13132379
2240,2240,REE,2020,310050697
2241,2241,REE,2021,355379239
2242,2242,REE,2022,355400817
2243,2243,REE,2023,408725562
2244,2244,REE,2024,471047395
2245,2245,RYG,2023,37856439
2246,2246,RYG,2024,44998101
2247,2247,S4A,2024,42208311
2248,2248,S4A,2022,42203938
2249,2249,S4A,2023,42200642
2250,2250,S4A,2020,42204201
2251,2251,S4A,2021,45359347
2252,2252,S55,2020,9999175
2253,2253,S55,2021,9999175
2254,2254,S55,2022,9999752
2255,2255,S55,2023,9999805
2256,2256,S55,2024,9999665
2257,2257,S99,2020,49712506
2258,2258,S99,2021,52415058
2259,2259,S99,2022,63671491
2260,2260,S99,2023,94009730
2261,2261,S99,2024,95124980
2262,2262,SAB,2024,1315743856
2263,2263,SAB,2023,1314688719
2264,2264,SAB,2020,661091233
2265,2265,SAB,2021,661852473
2266,2266,SAB,2022,654371969
2267,2267,SAF,2020,11831692
2268,2268,SAF,2021,11829550
2269,2269,SAF,2022,14421986
2270,2270,SAF,2023,14556323
2271,2271,SAF,2024,15489710
2272,2272,SAM,2023,381928693
2273,2273,SAM,2022,394736988
2274,2274,SAM,2024,379897032
2275,2275,SAM,2020,259450260
2276,2276,SAM,2021,349976545
2277,2277,SAV,2020,13803489
2278,2278,SAV,2021,14206233
2279,2279,SAV,2022,16832218
2280,2280,SAV,2023,19106908
2281,2281,SAV,2024,23214071
2282,2282,SBA,2020,60281925
2283,2283,SBA,2021,60298001
2284,2284,SBA,2022,60292913
2285,2285,SBA,2023,60479686
2286,2286,SBA,2024,60475414
2287,2287,SBG,2024,0
2288,2288,SBG,2022,15238565
2289,2289,SBG,2023,25000708
2290,2290,SBG,2020,8990466
2291,2291,SBG,2021,9144767
2292,2292,SBT,2020,5979137
2293,2293,SBT,2021,749480727
2294,2294,SBT,2022,944132272
2295,2295,SBT,2023,1032757011
2296,2296,SBT,2024,913778356
2297,2297,SBV,2023,85473707
2298,2298,SBV,2022,28436593
2299,2299,SBV,2024,23695071
2300,2300,SBV,2020,28752418
2301,2301,SBV,2021,28149428
2302,2302,SC5,2020,14984880
2303,2303,SC5,2021,14983953
2304,2304,SC5,2022,17621575
2305,2305,SC5,2023,16647527
2306,2306,SC5,2024,0
2307,2307,SCG,2020,30776436
2308,2308,SCG,2021,64468913
2309,2309,SCG,2022,84900188
2310,2310,SCG,2023,85168421
2311,2311,SCG,2024,85005122
2312,2312,SCI,2023,25421077
2313,2313,SCI,2022,25400888
2314,2314,SCI,2024,0
2315,2315,SCI,2020,12704940
2316,2316,SCI,2021,23218017
2317,2317,SCR,2020,366390659
2318,2318,SCR,2021,366223747
2319,2319,SCR,2022,395002066
2320,2320,SCR,2023,396304434
2321,2321,SCR,2024,0
2322,2322,SCS,2020,54572110
2323,2323,SCS,2021,54061299
2324,2324,SCS,2022,99330756
2325,2325,SCS,2023,107440127
2326,2326,SCS,2024,0
2327,2327,SD5,2024,26013040
2328,2328,SD5,2023,25989712
2329,2329,SD5,2022,25989152
2330,2330,SD5,2020,25989888
2331,2331,SD5,2021,26013461
2332,2332,SD9,2020,34250504
2333,2333,SD9,2021,34259093
2334,2334,SD9,2022,34261189
2335,2335,SD9,2023,34252959
2336,2336,SD9,2024,43270575
2337,2337,SDA,2020,26231282
2338,2338,SDA,2021,26212503
2339,2339,SDA,2022,26129411
2340,2340,SDA,2023,26216849
2341,2341,SDA,2024,0
2342,2342,SDC,2024,2608939
2343,2343,SDC,2023,2607802
2344,2344,SDC,2022,2611073
2345,2345,SDC,2020,2609133
2346,2346,SDC,2021,2610786
2347,2347,SDG,2020,7614410
2348,2348,SDG,2021,11654737
2349,2349,SDG,2022,11717780
2350,2350,SDG,2023,17338066
2351,2351,SDG,2024,10063465
2352,2352,SDN,2023,3792871
2353,2353,SDN,2022,1897169
2354,2354,SDN,2024,3740468
2355,2355,SDN,2020,1897282
2356,2356,SDN,2021,1897480
2357,2357,SDU,2020,21261639
2358,2358,SDU,2021,19883782
2359,2359,SDU,2022,19970549
2360,2360,SDU,2023,19847045
2361,2361,SDU,2024,20053018
2362,2362,SEB,2020,33568381
2363,2363,SEB,2021,33694421
2364,2364,SEB,2022,33684564
2365,2365,SEB,2023,34078616
2366,2366,SEB,2024,34212260
2367,2367,SED,2024,11171568
2368,2368,SED,2023,11170668
2369,2369,SED,2022,11170388
2370,2370,SED,2021,11169390
2371,2371,SED,2020,11387596
2372,2372,SFC,2020,12488924
2373,2373,SFC,2021,12476786
2374,2374,SFC,2022,12488248
2375,2375,SFC,2023,12728307
2376,2376,SFC,2024,13096822
2377,2377,SFG,2023,47909660
2378,2378,SFG,2022,47904964
2379,2379,SFG,2024,70995868
2380,2380,SFG,2020,48027725
2381,2381,SFG,2021,47899946
2382,2382,SFI,2020,14249607
2383,2383,SFI,2021,20734122
2384,2384,SFI,2022,21035333
2385,2385,SFI,2023,22086727
2386,2386,SFI,2024,22753265
2387,2387,SFN,2020,3199710
2388,2388,SFN,2021,3948919
2389,2389,SFN,2022,3090679
2390,2390,SFN,2023,3074731
2391,2391,SFN,2024,0
2392,2392,SGC,2023,7147665
2393,2393,SGC,2022,7147322
2394,2394,SGC,2024,7147742
2395,2395,SGC,2020,7147579
2396,2396,SGC,2021,7147385
2397,2397,SGD,2020,4044721
2398,2398,SGD,2021,4043662
2399,2399,SGD,2022,4084588
2400,2400,SGD,2023,4043342
2401,2401,SGD,2024,4130445
2402,2402,SGH,2023,14082796
2403,2403,SGH,2022,14290807
2404,2404,SGH,2024,0
2405,2405,SGH,2020,16322072
2406,2406,SGH,2021,16271100
2407,2407,SGN,2020,33536238
2408,2408,SGN,2021,33840556
2409,2409,SGN,2022,34752884
2410,2410,SGN,2023,35673825
2411,2411,SGN,2024,40002025
2412,2412,SGR,2020,59990872
2413,2413,SGR,2021,60027067
2414,2414,SGR,2022,59994260
2415,2415,SGR,2023,60009799
2416,2416,SGR,2024,59998738
2417,2417,SGT,2023,138094383
2418,2418,SGT,2022,84350476
2419,2419,SGT,2024,148063030
2420,2420,SGT,2020,74014115
2421,2421,SGT,2021,73971880
2422,2422,SHA,2020,30420412
2423,2423,SHA,2021,31886255
2424,2424,SHA,2022,33476993
2425,2425,SHA,2023,33477199
2426,2426,SHA,2024,33417730
2427,2427,SHB,2020,1721936592
2428,2428,SHB,2021,2377569326
2429,2429,SHB,2022,3067030952
2430,2430,SHB,2023,3618951581
2431,2431,SHB,2024,0
2432,2432,SHE,2024,0
2433,2433,SHE,2023,11504611
2434,2434,SHE,2022,9584867
2435,2435,SHE,2020,6574606
2436,2436,SHE,2021,7996797
2437,2437,SHI,2020,91032435
2438,2438,SHI,2021,100207929
2439,2439,SHI,2022,152143608
2440,2440,SHI,2023,161656002
2441,2441,SHI,2024,162452054
2442,2442,SHN,2020,133640103
2443,2443,SHN,2021,129714913
2444,2444,SHN,2022,127049914
2445,2445,SHN,2023,127250669
2446,2446,SHN,2024,129931951
2447,2447,SHP,2023,104709370
2448,2448,SHP,2022,104332767
2449,2449,SHP,2024,104828450
2450,2450,SHP,2020,97866801
2451,2451,SHP,2021,104383215
2452,2452,SHS,2020,206717440
2453,2453,SHS,2021,487870545
2454,2454,SHS,2022,681580059
2455,2455,SHS,2023,812926450
2456,2456,SHS,2024,813446521
2457,2457,SIP,2020,79406575
2458,2458,SIP,2021,92905452
2459,2459,SIP,2022,92797380
2460,2460,SIP,2023,202644625
2461,2461,SIP,2024,210525358
2462,2462,SJ1,2024,0
2463,2463,SJ1,2023,0
2464,2464,SJ1,2020,0
2465,2465,SJ1,2021,0
2466,2466,SJ1,2022,0
2467,2467,SJD,2020,68999696
2468,2468,SJD,2021,72896292
2469,2469,SJD,2022,68998510
2470,2470,SJD,2023,69015447
2471,2471,SJD,2024,68990192
2472,2472,SJE,2023,22814168
2473,2473,SJE,2022,21968815
2474,2474,SJE,2024,24169637
2475,2475,SJE,2020,19450521
2476,2476,SJE,2021,21969305
2477,2477,SJS,2024,113883501
2478,2478,SJS,2023,113913412
2479,2479,SJS,2020,114048956
2480,2480,SJS,2021,113845753
2481,2481,SJS,2022,113878526
2482,2482,SKG,2020,63255110
2483,2483,SKG,2021,63283091
2484,2484,SKG,2022,0
2485,2485,SKG,2023,63315875
2486,2486,SKG,2024,64961014
2487,2487,SLS,2023,9791902
2488,2488,SLS,2024,0
2489,2489,SLS,2020,9792422
2490,2490,SLS,2021,9791718
2491,2491,SLS,2022,9791947
2492,2492,SMA,2020,19017371
2493,2493,SMA,2021,20125669
2494,2494,SMA,2022,20357513
2495,2495,SMA,2023,20369575
2496,2496,SMA,2024,0
2497,2497,SMB,2020,36821956
2498,2498,SMB,2021,35217304
2499,2499,SMB,2022,34901709
2500,2500,SMB,2023,35368448
2501,2501,SMB,2024,34500351
2502,2502,SMC,2023,73608471
2503,2503,SMC,2024,73615390
2504,2504,SMC,2022,66094572
2505,2505,SMC,2020,61895722
2506,2506,SMC,2021,61880494
2507,2507,SMN,2020,5481318
2508,2508,SMN,2021,6748021
2509,2509,SMN,2022,6747288
2510,2510,SMN,2023,6756107
2511,2511,SMN,2024,6778232
2512,2512,SMT,2023,5466780
2513,2513,SMT,2022,5441273
2514,2514,SMT,2024,-2536181
2515,2515,SMT,2020,5466282
2516,2516,SMT,2021,5472383
2517,2517,SPC,2020,10529769
2518,2518,SPC,2021,15145918
2519,2519,SPC,2022,10531810
2520,2520,SPC,2023,10528818
2521,2521,SPC,2024,10530238
2522,2522,SPM,2020,13769172
2523,2523,SPM,2021,13765312
2524,2524,SPM,2022,13772611
2525,2525,SPM,2023,13769027
2526,2526,SPM,2024,13766496
2527,2527,SRA,2023,43227649
2528,2528,SRA,2022,43182360
2529,2529,SRA,2024,43062411
2530,2530,SRA,2020,25208980
2531,2531,SRA,2021,42027899
2532,2532,SRC,2020,28059480
2533,2533,SRC,2021,28062234
2534,2534,SRC,2022,28049803
2535,2535,SRC,2023,28054042
2536,2536,SRC,2024,28062042
2537,2537,SRF,2020,30723509
2538,2538,SRF,2021,39925015
2539,2539,SRF,2022,33097688
2540,2540,SRF,2023,37805028
2541,2541,SRF,2024,33985985
2542,2542,SSB,2024,2922345874
2543,2543,SSB,2023,2530595320
2544,2544,SSB,2022,2145541556
2545,2545,SSB,2020,1116050041
2546,2546,SSB,2021,1851220170
2547,2547,SSC,2020,13236485
2548,2548,SSC,2021,14426808
2549,2549,SSC,2022,14426264
2550,2550,SSC,2023,14426781
2551,2551,SSC,2024,0
2552,2552,SSI,2020,643157274
2553,2553,SSI,2021,945271368
2554,2554,SSI,2022,1186675905
2555,2555,SSI,2023,1497571120
2556,2556,SSI,2024,0
2557,2557,SSM,2023,4954118
2558,2558,SSM,2022,4950709
2559,2559,SSM,2024,4944963
2560,2560,SSM,2020,4949912
2561,2561,SSM,2021,4950856
2562,2562,ST8,2020,25706717
2563,2563,ST8,2021,25706470
2564,2564,ST8,2022,25721256
2565,2565,ST8,2023,25769112
2566,2566,ST8,2024,25714263
2567,2567,STB,2020,2149023237
2568,2568,STB,2021,2090377451
2569,2569,STB,2022,1885076664
2570,2570,STB,2023,1885348315
2571,2571,STB,2024,1885160718
2572,2572,STC,2024,7957593
2573,2573,STC,2022,7933173
2574,2574,STC,2023,7997443
2575,2575,STC,2020,7577793
2576,2576,STC,2021,7894335
2577,2577,STG,2020,98282362
2578,2578,STG,2021,100381128
2579,2579,STG,2022,98271329
2580,2580,STG,2023,98228107
2581,2581,STG,2024,98246409
2582,2582,STK,2020,69039055
2583,2583,STK,2021,68187966
2584,2584,STK,2022,72515528
2585,2585,STK,2023,94104322
2586,2586,STK,2024,96258061
2587,2587,STP,2024,8017924
2588,2588,STP,2023,8023119
2589,2589,STP,2020,8021005
2590,2590,STP,2021,9365639
2591,2591,STP,2022,8538714
2592,2592,SVC,2020,34240003
2593,2593,SVC,2021,75569715
2594,2594,SVC,2022,68011966
2595,2595,SVC,2023,66552858
2596,2596,SVC,2024,0
2597,2597,SVD,2023,27613660
2598,2598,SVD,2022,22230425
2599,2599,SVD,2024,27630653
2600,2600,SVD,2020,12915760
2601,2601,SVD,2021,12899866
2602,2602,SVI,2020,14582860
2603,2603,SVI,2021,12833586
2604,2604,SVI,2022,12832149
2605,2605,SVI,2023,12832720
2606,2606,SVI,2024,12831441
2607,2607,SVN,2020,23778455
2608,2608,SVN,2021,20776971
2609,2609,SVN,2022,21100165
2610,2610,SVN,2023,21067744
2611,2611,SVN,2024,0
2612,2612,SVT,2024,17314146
2613,2613,SVT,2022,15055970
2614,2614,SVT,2023,15512583
2615,2615,SVT,2020,11581065
2616,2616,SVT,2021,11579143
2617,2617,SZB,2020,31729718
2618,2618,SZB,2021,32574591
2619,2619,SZB,2022,32569664
2620,2620,SZB,2023,32522690
2621,2621,SZB,2024,29999827
2622,2622,SZC,2024,172415271
2623,2623,SZC,2022,112780940
2624,2624,SZC,2023,135023622
2625,2625,SZC,2020,110649140
2626,2626,SZC,2021,112605695
2627,2627,SZL,2020,22739289
2628,2628,SZL,2021,22739648
2629,2629,SZL,2022,22739759
2630,2630,SZL,2023,34144207
2631,2631,SZL,2024,34185130
2632,2632,TA9,2023,14970733
2633,2633,TA9,2020,12419956
2634,2634,TA9,2021,14958447
2635,2635,TA9,2022,14964728
2636,2636,TA9,2024,12417722
2637,2637,TBC,2024,63490565
2638,2638,TBC,2022,63498740
2639,2639,TBC,2023,63487892
2640,2640,TBC,2020,63490562
2641,2641,TBC,2021,63503957
2642,2642,TBX,2020,1511146
2643,2643,TBX,2021,1520004
2644,2644,TBX,2022,1514559
2645,2645,TBX,2023,15103
2646,2646,TBX,2024,1520445
2647,2647,TCB,2024,0
2648,2648,TCB,2020,3506398578
2649,2649,TCB,2021,3514161962
2650,2650,TCB,2022,3519716507
2651,2651,TCB,2023,3527390674
2652,2652,TCD,2024,309216114
2653,2653,TCD,2023,263767030
2654,2654,TCD,2021,78503917
2655,2655,TCD,2020,43855683
2656,2656,TCD,2022,211620452
2657,2657,TCH,2024,668250025
2658,2658,TCH,2020,235139333
2659,2659,TCH,2021,0
2660,2660,TCH,2022,0
2661,2661,TCH,2023,667892722
2662,2662,TCI,2022,101015270
2663,2663,TCI,2023,100970461
2664,2664,TCI,2020,0
2665,2665,TCI,2021,55471669
2666,2666,TCI,2024,115522636
2667,2667,TCL,2024,36126562
2668,2668,TCL,2023,36348602
2669,2669,TCL,2020,37052583
2670,2670,TCL,2021,36669833
2671,2671,TCL,2022,36441805
2672,2672,TCM,2020,72912058
2673,2673,TCM,2021,83833624
2674,2674,TCM,2022,96392299
2675,2675,TCM,2023,108924048
2676,2676,TCM,2024,108345482
2677,2677,TCO,2023,19303299
2678,2678,TCO,2022,19246871
2679,2679,TCO,2024,18989044
2680,2680,TCO,2020,17105974
2681,2681,TCO,2021,18233359
2682,2682,TCR,2020,45396147
2683,2683,TCR,2021,45492552
2684,2684,TCR,2022,55937807
2685,2685,TCR,2023,45304621
2686,2686,TCR,2024,45438758
2687,2687,TCT,2020,12740229
2688,2688,TCT,2021,12752636
2689,2689,TCT,2022,12787586
2690,2690,TCT,2023,12786175
2691,2691,TCT,2024,12794997
2692,2692,TDC,2024,100205591
2693,2693,TDC,2023,99904868
2694,2694,TDC,2022,125428549
2695,2695,TDC,2021,119105756
2696,2696,TDC,2020,115343155
2697,2697,TDG,2020,16603575
2698,2698,TDG,2021,16771850
2699,2699,TDG,2022,16786185
2700,2700,TDG,2023,18803491
2701,2701,TDG,2024,19993732
2702,2702,TDH,2023,112699924
2703,2703,TDH,2022,112151978
2704,2704,TDH,2024,112654805
2705,2705,TDH,2020,112602503
2706,2706,TDH,2021,112659010
2707,2707,TDM,2020,107962718
2708,2708,TDM,2021,108706398
2709,2709,TDM,2022,108674054
2710,2710,TDM,2023,105764873
2711,2711,TDM,2024,117408308
2712,2712,TDP,2020,53778238
2713,2713,TDP,2021,60207112
2714,2714,TDP,2022,67442182
2715,2715,TDP,2023,75479162
2716,2716,TDP,2024,88228888
2717,2717,TDT,2023,23895124
2718,2718,TDT,2022,22187952
2719,2719,TDT,2024,23897238
2720,2720,TDT,2020,12460898
2721,2721,TDT,2021,14759526
2722,2722,TDW,2020,8499830
2723,2723,TDW,2021,10462698
2724,2724,TDW,2022,8814643
2725,2725,TDW,2023,8499892
2726,2726,TDW,2024,0
2727,2727,TEG,2023,72826022
2728,2728,TEG,2022,65586076
2729,2729,TEG,2024,121631498
2730,2730,TEG,2020,32423584
2731,2731,TEG,2021,41362045
2732,2732,TET,2020,5701583
2733,2733,TET,2021,5704144
2734,2734,TET,2022,5702444
2735,2735,TET,2023,5702566
2736,2736,TET,2024,5706036
2737,2737,TFC,2020,17163556
2738,2738,TFC,2021,16622823
2739,2739,TFC,2022,17147626
2740,2740,TFC,2023,17004510
2741,2741,TFC,2024,16891522
2742,2742,THB,2023,19730121
2743,2743,THB,2022,13105473
2744,2744,THB,2024,16865481
2745,2745,THB,2020,15623636
2746,2746,THB,2021,14012389
2747,2747,THD,2020,53898769
2748,2748,THD,2021,334630419
2749,2749,THD,2022,349988392
2750,2750,THD,2023,385377698
2751,2751,THD,2024,385161212
2752,2752,THG,2020,14764882
2753,2753,THG,2021,16162137
2754,2754,THG,2022,21238926
2755,2755,THG,2023,24422165
2756,2756,THG,2024,27596370
2757,2757,THS,2024,2702195
2758,2758,THS,2023,2700571
2759,2759,THS,2021,2806164
2760,2760,THS,2020,2819425
2761,2761,THS,2022,2849713
2762,2762,THT,2020,24569191
2763,2763,THT,2021,24572894
2764,2764,THT,2022,24567291
2765,2765,THT,2023,24571360
2766,2766,THT,2024,24572042
2767,2767,TIG,2024,195754365
2768,2768,TIG,2020,82951203
2769,2769,TIG,2021,102627481
2770,2770,TIG,2022,152395852
2771,2771,TIG,2023,177837701
2772,2772,TIP,2024,65005678
2773,2773,TIP,2023,64997232
2774,2774,TIP,2022,43366418
2775,2775,TIP,2021,26003958
2776,2776,TIP,2020,26003363
2777,2777,TIX,2020,34479665
2778,2778,TIX,2021,34370285
2779,2779,TIX,2022,35826201
2780,2780,TIX,2023,34406814
2781,2781,TIX,2024,34936179
2782,2782,TJC,2023,9148549
2783,2783,TJC,2022,9149652
2784,2784,TJC,2024,8584494
2785,2785,TJC,2020,9145276
2786,2786,TJC,2021,9146810
2787,2787,TKU,2020,32292748
2788,2788,TKU,2021,32550651
2789,2789,TKU,2022,38903755
2790,2790,TKU,2023,46896035
2791,2791,TKU,2024,46883622
2792,2792,TLD,2020,26606646
2793,2793,TLD,2021,44629553
2794,2794,TLD,2022,57935658
2795,2795,TLD,2023,75248506
2796,2796,TLD,2024,77537776
2797,2797,TLG,2024,96060704
2798,2798,TLG,2023,86554265
2799,2799,TLG,2021,86444053
2800,2800,TLG,2020,86430644
2801,2801,TLG,2022,86446455
2802,2802,TLH,2020,100596035
2803,2803,TLH,2021,100912252
2804,2804,TLH,2022,102541432
2805,2805,TLH,2023,113023755
2806,2806,TLH,2024,112313006
2807,2807,TMB,2024,14999831
2808,2808,TMB,2022,15000021
2809,2809,TMB,2023,15000161
2810,2810,TMB,2020,15000969
2811,2811,TMB,2021,15000602
2812,2812,TMC,2020,18212543
2813,2813,TMC,2021,16522995
2814,2814,TMC,2022,12385363
2815,2815,TMC,2023,12396300
2816,2816,TMC,2024,12406318
2817,2817,TMP,2023,69997588
2818,2818,TMP,2020,70008871
2819,2819,TMP,2021,69999421
2820,2820,TMP,2022,69998054
2821,2821,TMP,2024,0
2822,2822,TMS,2023,158336291
2823,2823,TMS,2022,121751427
2824,2824,TMS,2024,169380648
2825,2825,TMS,2020,70107823
2826,2826,TMS,2021,96911416
2827,2827,TMT,2020,36921579
2828,2828,TMT,2021,37238430
2829,2829,TMT,2022,36864640
2830,2830,TMT,2023,37063805
2831,2831,TMT,2024,36876368
2832,2832,TMX,2023,5997676
2833,2833,TMX,2022,5999207
2834,2834,TMX,2024,5992474
2835,2835,TMX,2020,6001829
2836,2836,TMX,2021,5998532
2837,2837,TN1,2020,17569485
2838,2838,TN1,2021,27192480
2839,2839,TN1,2022,43193409
2840,2840,TN1,2023,49646147
2841,2841,TN1,2024,63715652
2842,2842,TNC,2020,22638385
2843,2843,TNC,2021,24330782
2844,2844,TNC,2022,23563798
2845,2845,TNC,2023,23591012
2846,2846,TNC,2024,19250329
2847,2847,TNG,2023,113525850
2848,2848,TNG,2022,101699591
2849,2849,TNG,2024,122613343
2850,2850,TNG,2020,68146975
2851,2851,TNG,2021,79741280
2852,2852,TNH,2020,41496259
2853,2853,TNH,2021,51880905
2854,2854,TNH,2022,51872953
2855,2855,TNH,2023,97340285
2856,2856,TNH,2024,131315771
2857,2857,TNI,2020,56378512
2858,2858,TNI,2021,52500544
2859,2859,TNI,2022,52898244
2860,2860,TNI,2023,51812334
2861,2861,TNI,2024,0
2862,2862,TNT,2024,0
2863,2863,TNT,2023,51011166
2864,2864,TNT,2022,51345516
2865,2865,TNT,2020,24679195
2866,2866,TNT,2021,26765970
2867,2867,TOT,2020,6363737
2868,2868,TOT,2021,6541945
2869,2869,TOT,2022,6176150
2870,2870,TOT,2023,6791224
2871,2871,TOT,2024,0
2872,2872,TPB,2020,1002052241
2873,2873,TPB,2021,1493252628
2874,2874,TPB,2022,1581794846
2875,2875,TPB,2023,2201936359
2876,2876,TPB,2024,0
2877,2877,TPC,2023,22518989
2878,2878,TPC,2022,22529116
2879,2879,TPC,2024,22502441
2880,2880,TPC,2020,22509737
2881,2881,TPC,2021,22520073
2882,2882,TPP,2020,20013280
2883,2883,TPP,2021,19997797
2884,2884,TPP,2022,34176467
2885,2885,TPP,2023,45008282
2886,2886,TPP,2024,45015460
2887,2887,TRA,2020,46783051
2888,2888,TRA,2021,47707455
2889,2889,TRA,2022,47293071
2890,2890,TRA,2023,47560668
2891,2891,TRA,2024,47900800
2892,2892,TRC,2024,29124976
2893,2893,TRC,2023,29121706
2894,2894,TRC,2020,29128683
2895,2895,TRC,2021,43693459
2896,2896,TRC,2022,41181486
2897,2897,TSB,2020,6749045
2898,2898,TSB,2021,6744860
2899,2899,TSB,2022,6750486
2900,2900,TSB,2023,6748823
2901,2901,TSB,2024,6746146
2902,2902,TSC,2023,196492850
2903,2903,TSC,2022,179117649
2904,2904,TSC,2024,206064847
2905,2905,TSC,2020,148169518
2906,2906,TSC,2021,147604224
2907,2907,TTA,2024,200336375
2908,2908,TTA,2023,242149009
2909,2909,TTA,2020,165144732
2910,2910,TTA,2021,197033242
2911,2911,TTA,2022,211760604
2912,2912,TTC,2020,7419446
2913,2913,TTC,2021,5941641
2914,2914,TTC,2022,5940426
2915,2915,TTC,2023,5940080
2916,2916,TTC,2024,5938797
2917,2917,TTE,2023,28570713
2918,2918,TTE,2024,28491348
2919,2919,TTE,2020,28479246
2920,2920,TTE,2021,28481622
2921,2921,TTE,2022,28477992
2922,2922,TTF,2020,305385029
2923,2923,TTF,2021,321185917
2924,2924,TTF,2022,425475402
2925,2925,TTF,2023,411186578
2926,2926,TTF,2024,445037859
2927,2927,TTH,2020,37344045
2928,2928,TTH,2021,38050345
2929,2929,TTH,2022,37575635
2930,2930,TTH,2023,37347553
2931,2931,TTH,2024,0
2932,2932,TTL,2023,41859061
2933,2933,TTL,2024,41854752
2934,2934,TTL,2022,41697876
2935,2935,TTL,2020,41804692
2936,2936,TTL,2021,41903479
2937,2937,TTT,2020,4566977
2938,2938,TTT,2021,4568422
2939,2939,TTT,2022,4569906
2940,2940,TTT,2023,4570509
2941,2941,TTT,2024,4570539
2942,2942,TV2,2023,0
2943,2943,TV2,2022,67543441
2944,2944,TV2,2024,67526316
2945,2945,TV2,2020,36016328
2946,2946,TV2,2021,75216288
2947,2947,TV3,2020,9542751
2948,2948,TV3,2021,11008646
2949,2949,TV3,2022,10577512
2950,2950,TV3,2023,10576080
2951,2951,TV3,2024,9520423
2952,2952,TV4,2020,15833819
2953,2953,TV4,2021,17661762
2954,2954,TV4,2022,19780474
2955,2955,TV4,2023,19781278
2956,2956,TV4,2024,19783848
2957,2957,TVB,2023,112060610
2958,2958,TVB,2022,112090684
2959,2959,TVB,2024,112130824
2960,2960,TVB,2020,52652844
2961,2961,TVB,2021,86237522
2962,2962,TVC,2020,44039028
2963,2963,TVC,2021,75093650
2964,2964,TVC,2022,118592888
2965,2965,TVC,2023,118605393
2966,2966,TVC,2024,118623262
2967,2967,TVD,2020,44953595
2968,2968,TVD,2021,44966455
2969,2969,TVD,2022,44966744
2970,2970,TVD,2023,44967824
2971,2971,TVD,2024,44972701
2972,2972,TVS,2024,166890798
2973,2973,TVS,2023,151192215
2974,2974,TVS,2022,106988883
2975,2975,TVS,2020,87423982
2976,2976,TVS,2021,105797973
2977,2977,TVT,2020,23268825
2978,2978,TVT,2021,19384007
2979,2979,TVT,2022,22925669
2980,2980,TVT,2023,21686313
2981,2981,TVT,2024,21595618
2982,2982,TXM,2020,6960023
2983,2983,TXM,2021,8941563
2984,2984,TXM,2022,5898480
2985,2985,TXM,2023,6997166
2986,2986,TXM,2024,6998967
2987,2987,TYA,2024,0
2988,2988,TYA,2023,32043900
2989,2989,TYA,2021,31534420
2990,2990,TYA,2020,30675356
2991,2991,TYA,2022,31633874
2992,2992,UIC,2020,9600492
2993,2993,UIC,2021,8247038
2994,2994,UIC,2022,8247529
2995,2995,UIC,2023,8080778
2996,2996,UIC,2024,8162985
2997,2997,UNI,2020,15213504
2998,2998,UNI,2021,17533263
2999,2999,UNI,2022,15222626
3000,3000,UNI,2023,15480512
3001,3001,UNI,2024,15715083
3002,3002,V12,2024,11634860
3003,3003,V12,2022,5816601
3004,3004,V12,2023,9433885
3005,3005,V12,2020,5819342
3006,3006,V12,2021,5816199
3007,3007,V21,2020,11982819
3008,3008,V21,2021,12019173
3009,3009,V21,2022,12063439
3010,3010,V21,2023,11801592
3011,3011,V21,2024,12000676
3012,3012,VAF,2020,37687697
3013,3013,VAF,2021,37658596
3014,3014,VAF,2022,37678819
3015,3015,VAF,2023,37662464
3016,3016,VAF,2024,37676546
3017,3017,VBC,2024,7500074
3018,3018,VBC,2023,9450990
3019,3019,VBC,2020,9570699
3020,3020,VBC,2021,10709360
3021,3021,VBC,2022,9446191
3022,3022,VC1,2020,11999594
3023,3023,VC1,2021,11995671
3024,3024,VC1,2022,12011445
3025,3025,VC1,2023,12021167
3026,3026,VC1,2024,12611426
3027,3027,VC2,2023,52150314
3028,3028,VC2,2022,47163909
3029,3029,VC2,2024,67841557
3030,3030,VC2,2020,14996236
3031,3031,VC2,2021,18219177
3032,3032,VC3,2020,59965699
3033,3033,VC3,2021,66813935
3034,3034,VC3,2022,73465896
3035,3035,VC3,2023,111705471
3036,3036,VC3,2024,15909798
3037,3037,VC6,2020,8000646
3038,3038,VC6,2021,7996805
3039,3039,VC6,2022,8797502
3040,3040,VC6,2023,8802198
3041,3041,VC6,2024,9678578
3042,3042,VC7,2024,95860714
3043,3043,VC7,2023,50444523
3044,3044,VC7,2020,23121171
3045,3045,VC7,2021,26060008
3046,3046,VC7,2022,48072417
3047,3047,VC9,2020,11697194
3048,3048,VC9,2021,11663324
3049,3049,VC9,2022,11725572
3050,3050,VC9,2023,14246573
3051,3051,VC9,2024,16793477
3052,3052,VCA,2023,15189856
3053,3053,VCA,2022,15205422
3054,3054,VCA,2024,15249749
3055,3055,VCA,2020,15188299
3056,3056,VCA,2021,15185164
3057,3057,VCB,2021,5224985221
3058,3058,VCB,2022,5136405085
3059,3059,VCB,2023,6062250505
3060,3060,VCB,2024,5589194779
3061,3061,VCB,2020,4127810067
3062,3062,VCC,2020,11998727
3063,3063,VCC,2021,13276088
3064,3064,VCC,2022,11991884
3065,3065,VCC,2023,13481357
3066,3066,VCC,2024,23980507
3067,3067,VCF,2023,26578819
3068,3068,VCF,2024,26578396
3069,3069,VCF,2022,26578938
3070,3070,VCF,2020,26579547
3071,3071,VCF,2021,26579592
3072,3072,VCG,2020,437597533
3073,3073,VCG,2021,415040962
3074,3074,VCG,2022,486793062
3075,3075,VCG,2023,536575475
3076,3076,VCG,2024,598528398
3077,3077,VCI,2023,0
3078,3078,VCI,2022,434706446
3079,3079,VCI,2024,0
3080,3080,VCI,2020,164719856
3081,3081,VCI,2021,332900572
3082,3082,VCM,2020,2999469
3083,3083,VCM,2021,2997217
3084,3084,VCM,2022,3018919
3085,3085,VCM,2023,3004560
3086,3086,VCM,2024,6000481
3087,3087,VCS,2020,173120805
3088,3088,VCS,2021,179176933
3089,3089,VCS,2022,178786351
3090,3090,VCS,2023,167899312
3091,3091,VCS,2024,167313887
3092,3092,VDL,2023,0
3093,3093,VDL,2022,14659945
3094,3094,VDL,2024,0
3095,3095,VDL,2020,0
3096,3096,VDL,2021,14661555
3097,3097,VDP,2024,0
3098,3098,VDP,2023,16831482
3099,3099,VDP,2020,12867034
3100,3100,VDP,2021,16049313
3101,3101,VDP,2022,18254747
3102,3102,VDS,2020,100068189
3103,3103,VDS,2021,105102457
3104,3104,VDS,2022,197419130
3105,3105,VDS,2023,209976297
3106,3106,VDS,2024,225147293
3107,3107,VE1,2023,5930570
3108,3108,VE1,2022,5933019
3109,3109,VE1,2024,1158852
3110,3110,VE1,2020,5935548
3111,3111,VE1,2021,5952537
3112,3112,VE3,2020,1320742
3113,3113,VE3,2021,1320276
3114,3114,VE3,2022,1320286
3115,3115,VE3,2023,1319281
3116,3116,VE3,2024,1318351
3117,3117,VE4,2020,1028076
3118,3118,VE4,2021,1408273
3119,3119,VE4,2022,1027761
3120,3120,VE4,2023,1027904
3121,3121,VE4,2024,1027011
3122,3122,VFG,2024,51614198
3123,3123,VFG,2023,47543419
3124,3124,VFG,2021,37221533
3125,3125,VFG,2020,36820047
3126,3126,VFG,2022,47692869
3127,3127,VFS,2020,58070218
3128,3128,VFS,2021,115929464
3129,3129,VFS,2022,102099095
3130,3130,VFS,2023,62659522
3131,3131,VFS,2024,127857477
3132,3132,VGC,2024,448350189
3133,3133,VGC,2023,448332813
3134,3134,VGC,2022,448413954
3135,3135,VGC,2021,448388458
3136,3136,VGC,2020,448320584
3137,3137,VGP,2020,7824598
3138,3138,VGP,2021,7825199
3139,3139,VGP,2022,7826692
3140,3140,VGP,2023,7826256
3141,3141,VGP,2024,7825216
3142,3142,VGS,2023,56485121
3143,3143,VGS,2022,51897287
3144,3144,VGS,2024,59541791
3145,3145,VGS,2020,46348778
3146,3146,VGS,2021,45985543
3147,3147,VHC,2023,183911771
3148,3148,VHC,2024,224022876
3149,3149,VHC,2022,192405254
3150,3150,VHC,2020,181965183
3151,3151,VHC,2021,181946915
3152,3152,VHE,2020,9517762
3153,3153,VHE,2021,16941276
3154,3154,VHE,2022,32528399
3155,3155,VHE,2023,33209771
3156,3156,VHE,2024,31997559
3157,3157,VHL,2023,24991918
3158,3158,VHL,2022,33965516
3159,3159,VHL,2024,29401274
3160,3160,VHL,2020,24983326
3161,3161,VHL,2021,25079535
3162,3162,VHM,2020,3289390259
3163,3163,VHM,2021,4306662451
3164,3164,VHM,2022,4354458390
3165,3165,VHM,2023,4354306628
3166,3166,VHM,2024,4344378669
3167,3167,VIB,2020,1133382324
3168,3168,VIB,2021,2138722055
3169,3169,VIB,2022,2132653488
3170,3170,VIB,2023,2569943878
3171,3171,VIB,2024,3020740881
3172,3172,VIC,2023,3817566372
3173,3173,VIC,2022,3710122940
3174,3174,VIC,2024,3719586054
3175,3175,VIC,2020,3231594914
3176,3176,VIC,2021,3669902190
3177,3177,VID,2020,28724682
3178,3178,VID,2021,33183508
3179,3179,VID,2022,38799292
3180,3180,VID,2023,41223722
3181,3181,VID,2024,40890623
3182,3182,VIF,2020,393939116
3183,3183,VIF,2021,404542169
3184,3184,VIF,2022,375876809
3185,3185,VIF,2023,386587224
3186,3186,VIF,2024,0
3187,3187,VIG,2024,45182763
3188,3188,VIG,2023,45149853
3189,3189,VIG,2022,34842372
3190,3190,VIG,2020,34269634
3191,3191,VIG,2021,33915076
3192,3192,VIP,2020,81182299
3193,3193,VIP,2021,68163537
3194,3194,VIP,2022,76167805
3195,3195,VIP,2023,80572819
3196,3196,VIP,2024,0
3197,3197,VIT,2020,19499310
3198,3198,VIT,2021,29275012
3199,3199,VIT,2022,50011696
3200,3200,VIT,2023,42683054
3201,3201,VIT,2024,49985795
3202,3202,VIX,2024,979793144
3203,3203,VIX,2023,669268325
3204,3204,VIX,2021,172751113
3205,3205,VIX,2020,127741567
3206,3206,VIX,2022,511451449
3207,3207,VJC,2020,523596571
3208,3208,VJC,2021,536582066
3209,3209,VJC,2022,541656454
3210,3210,VJC,2023,541293167
3211,3211,VJC,2024,541708602
3212,3212,VLA,2023,4886789
3213,3213,VLA,2022,2063042
3214,3214,VLA,2024,3988827
3215,3215,VLA,2020,1089318
3216,3216,VLA,2021,1080202
3217,3217,VMC,2020,20051289
3218,3218,VMC,2021,19956204
3219,3219,VMC,2022,21584752
3220,3220,VMC,2023,23763674
3221,3221,VMC,2024,26212434
3222,3222,VMD,2020,15439826
3223,3223,VMD,2021,16249410
3224,3224,VMD,2022,15440282
3225,3225,VMD,2023,16256295
3226,3226,VMD,2024,15442797
3227,3227,VMS,2024,9001484
3228,3228,VMS,2023,9000558
3229,3229,VMS,2022,9002573
3230,3230,VMS,2021,9001762
3231,3231,VMS,2020,8997195
3232,3232,VNC,2020,10498576
3233,3233,VNC,2021,10501169
3234,3234,VNC,2022,10500103
3235,3235,VNC,2023,10498613
3236,3236,VNC,2024,10500655
3237,3237,VND,2023,1217490018
3238,3238,VND,2022,1320649125
3239,3239,VND,2024,1340425141
3240,3240,VND,2020,208539097
3241,3241,VND,2021,314286941
3242,3242,VNE,2020,81908534
3243,3243,VNE,2021,120434396
3244,3244,VNE,2022,81760113
3245,3245,VNE,2023,81974773
3246,3246,VNE,2024,81900603
3247,3247,VNF,2020,12022326
3248,3248,VNF,2021,29530306
3249,3249,VNF,2022,31683004
3250,3250,VNF,2023,31778579
3251,3251,VNF,2024,31706950
3252,3252,VNG,2023,97868895
3253,3253,VNG,2022,96798192
3254,3254,VNG,2024,95542508
3255,3255,VNG,2020,97433753
3256,3256,VNG,2021,95278057
3257,3257,VNL,2020,9159179
3258,3258,VNL,2021,9183240
3259,3259,VNL,2022,9505053
3260,3260,VNL,2023,14429109
3261,3261,VNL,2024,14428029
3262,3262,VNM,2023,2337674504
3263,3263,VNM,2022,2344720180
3264,3264,VNM,2024,2335233803
3265,3265,VNM,2020,2326821144
3266,3266,VNM,2021,2331741665
3267,3267,VNR,2020,134937033
3268,3268,VNR,2021,155234462
3269,3269,VNR,2022,155102666
3270,3270,VNR,2023,170963588
3271,3271,VNR,2024,186472641
3272,3272,VNS,2020,67654226
3273,3273,VNS,2021,67650606
3274,3274,VNS,2022,68088715
3275,3275,VNS,2023,68154999
3276,3276,VNS,2024,68390868
3277,3277,VNT,2023,15849261
3278,3278,VNT,2022,11383463
3279,3279,VNT,2024,-14779614
3280,3280,VNT,2020,11306310
3281,3281,VNT,2021,12119425
3282,3282,VOS,2020,139953713
3283,3283,VOS,2021,140006822
3284,3284,VOS,2022,140012061
3285,3285,VOS,2023,139974024
3286,3286,VOS,2024,139981323
3287,3287,VPB,2020,2438248654
3288,3288,VPB,2021,4428110314
3289,3289,VPB,2022,6684314937
3290,3290,VPB,2023,6960180740
3291,3291,VPB,2024,7933029160
3292,3292,VPD,2024,106614226
3293,3293,VPD,2023,106602969
3294,3294,VPD,2022,106573819
3295,3295,VPD,2020,106528683
3296,3296,VPD,2021,106618844
3297,3297,VPG,2020,35407794
3298,3298,VPG,2021,45388664
3299,3299,VPG,2022,84389557
3300,3300,VPG,2023,88459202
3301,3301,VPG,2024,558070802
3302,3302,VPH,2020,100322005
3303,3303,VPH,2021,95972723
3304,3304,VPH,2022,95466060
3305,3305,VPH,2023,94657453
3306,3306,VPH,2024,-95382435
3307,3307,VPI,2024,320057884
3308,3308,VPI,2022,242013498
3309,3309,VPI,2023,241942971
3310,3310,VPI,2020,199948192
3311,3311,VPI,2021,241926366
3312,3312,VPS,2020,24483394
3313,3313,VPS,2021,24447200
3314,3314,VPS,2022,24461868
3315,3315,VPS,2023,24474860
3316,3316,VPS,2024,24457103
3317,3317,VRC,2020,48211028
3318,3318,VRC,2021,46169352
3319,3319,VRC,2022,49991669
3320,3320,VRC,2023,49617019
3321,3321,VRC,2024,49690910
3322,3322,VRE,2024,0
3323,3323,VRE,2023,2272474227
3324,3324,VRE,2020,2272762405
3325,3325,VRE,2021,2274238754
3326,3326,VRE,2022,2271732406
3327,3327,VSA,2020,14094648
3328,3328,VSA,2021,15786964
3329,3329,VSA,2022,14097440
3330,3330,VSA,2023,14096179
3331,3331,VSA,2024,14097797
3332,3332,VSC,2023,146473175
3333,3333,VSC,2022,128230760
3334,3334,VSC,2024,181012095
3335,3335,VSC,2020,61258996
3336,3336,VSC,2021,64900725
3337,3337,VSH,2024,236211522
3338,3338,VSH,2023,236214328
3339,3339,VSH,2020,206240035
3340,3340,VSH,2021,233296868
3341,3341,VSH,2022,236242977
3342,3342,VSI,2020,13200542
3343,3343,VSI,2021,13199328
3344,3344,VSI,2022,13196570
3345,3345,VSI,2023,13197262
3346,3346,VSI,2024,13203158
3347,3347,VSM,2023,3317337
3348,3348,VSM,2024,0
3349,3349,VSM,2020,3049971
3350,3350,VSM,2021,3049993
3351,3351,VSM,2022,3050295
3352,3352,VTB,2020,10804160
3353,3353,VTB,2021,10809039
3354,3354,VTB,2022,10801733
3355,3355,VTB,2023,10803511
3356,3356,VTB,2024,10809276
3357,3357,VTC,2020,5627297
3358,3358,VTC,2021,-12003615
3359,3359,VTC,2022,5319226
3360,3360,VTC,2023,4523317
3361,3361,VTC,2024,4530849
3362,3362,VTH,2023,7899890
3363,3363,VTH,2024,0
3364,3364,VTH,2021,4997435
3365,3365,VTH,2020,4954447
3366,3366,VTH,2022,7905370
3367,3367,VTJ,2020,11314735
3368,3368,VTJ,2021,11409165
3369,3369,VTJ,2022,11414863
3370,3370,VTJ,2023,11389577
3371,3371,VTJ,2024,12323836
3372,3372,VTO,2023,107081038
3373,3373,VTO,2022,105841328
3374,3374,VTO,2024,98809275
3375,3375,VTO,2020,106164922
3376,3376,VTO,2021,91641297
3377,3377,VTP,2020,94410626
3378,3378,VTP,2021,131429630
3379,3379,VTP,2022,131208507
3380,3380,VTP,2023,143241804
3381,3381,VTP,2024,162216612
3382,3382,VTV,2020,31139034
3383,3383,VTV,2021,31187355
3384,3384,VTV,2022,31218545
3385,3385,VTV,2023,31152154
3386,3386,VTV,2024,31204619
3387,3387,VTZ,2024,46729071
3388,3388,VTZ,2022,24432060
3389,3389,VTZ,2023,33316075
3390,3390,VTZ,2020,6952953
3391,3391,VTZ,2021,15988476
3392,3392,WCS,2020,3089375
3393,3393,WCS,2021,5108861
3394,3394,WCS,2022,3242440
3395,3395,WCS,2023,3210903
3396,3396,WCS,2024,3010164
3397,3397,WSS,2020,0
3398,3398,WSS,2021,50335840
3399,3399,WSS,2022,50297817
3400,3400,WSS,2023,49908155
3401,3401,WSS,2024,0
3402,3402,X20,2024,0
3403,3403,X20,2023,18196868
3404,3404,X20,2021,17257012
3405,3405,X20,2020,17266112
3406,3406,X20,2022,18195536
3407,3407,YBM,2020,14295109
3408,3408,YBM,2021,14301995
3409,3409,YBM,2022,14296737
3410,3410,YBM,2023,14306338
3411,3411,YBM,2024,14296011
3412,3412,YEG,2023,47537537
3413,3413,YEG,2020,29920584
3414,3414,YEG,2021,35281822
3415,3415,YEG,2022,31243516
3416,3416,YEG,2024,136996857
